"","sample_ID","upper_depth","lower_depth","SOC_stock_spline","site","NDYI","Geomorphon_Class","WIP","Temp","Precip","NDVI","SCI","MNDWI","EVI","GEOLOGIC_AGE","x","y"
"1","CC_S26_R3",0,15,0.141429787390659,"COL",0.192865612149651,10,0.208892761684635,6.56995431668623,627.746963702897,0.54505919829627,0.507578057296872,-0.520579368015557,0.286473587120058,"Pleistocene",843072.837389409,5393443.94619593
"2","CC_S26_R3",15,30,0.185836984133105,"COL",0.192865612149651,10,0.208892761684635,6.56995431668623,627.746963702897,0.54505919829627,0.507578057296872,-0.520579368015557,0.286473587120058,"Pleistocene",843072.837389409,5393443.94619593
"3","CC_S26_R3",30,60,0.0982778904943272,"COL",0.192865612149651,10,0.208892761684635,6.56995431668623,627.746963702897,0.54505919829627,0.507578057296872,-0.520579368015557,0.286473587120058,"Pleistocene",843072.837389409,5393443.94619593
"4","CC_S26_R3",60,100,0.0531349294383496,"COL",0.192865612149651,10,0.208892761684635,6.56995431668623,627.746963702897,0.54505919829627,0.507578057296872,-0.520579368015557,0.286473587120058,"Pleistocene",843072.837389409,5393443.94619593
"5","CC_S27_R3",0,15,0.33172115699283,"COL",0.362428660495899,10,0.125544635403129,6.03140680469126,664.321524962448,0.739580477520929,0.609777343055769,-0.542286160222278,0.389890476070913,"Pleistocene",839193.830174613,5395377.10891805
"6","CC_S27_R3",15,30,0.893538318086838,"COL",0.362428660495899,10,0.125544635403129,6.03140680469126,664.321524962448,0.739580477520929,0.609777343055769,-0.542286160222278,0.389890476070913,"Pleistocene",839193.830174613,5395377.10891805
"7","CC_S27_R3",30,60,0.693572347892259,"COL",0.362428660495899,10,0.125544635403129,6.03140680469126,664.321524962448,0.739580477520929,0.609777343055769,-0.542286160222278,0.389890476070913,"Pleistocene",839193.830174613,5395377.10891805
"8","CC_S27_R3",60,100,0.0972590502395822,"COL",0.362428660495899,10,0.125544635403129,6.03140680469126,664.321524962448,0.739580477520929,0.609777343055769,-0.542286160222278,0.389890476070913,"Pleistocene",839193.830174613,5395377.10891805
"9","CC_S3_R3",0,15,0.469893470207945,"COL",0.338045291340363,10,0.852686417342497,6.88305813534145,622.711089767273,0.767815250664596,0.639390222314179,-0.551484167697774,0.513930408782623,"Quaternary",846145.478074087,5390550.90436189
"10","CC_S3_R3",15,30,0.34374281721849,"COL",0.338045291340363,10,0.852686417342497,6.88305813534145,622.711089767273,0.767815250664596,0.639390222314179,-0.551484167697774,0.513930408782623,"Quaternary",846145.478074087,5390550.90436189
"11","CC_S3_R3",30,60,0.130816765892891,"COL",0.338045291340363,10,0.852686417342497,6.88305813534145,622.711089767273,0.767815250664596,0.639390222314179,-0.551484167697774,0.513930408782623,"Quaternary",846145.478074087,5390550.90436189
"12","CC_S3_R3",60,100,0.0537245152948459,"COL",0.338045291340363,10,0.852686417342497,6.88305813534145,622.711089767273,0.767815250664596,0.639390222314179,-0.551484167697774,0.513930408782623,"Quaternary",846145.478074087,5390550.90436189
"13","CC_S6_R2",0,15,0.175774835180655,"COL",0.29182775629916,10,0.807375631353521,6.82023278977931,623.743198312851,0.717335991506285,0.615701949662544,-0.557084818293162,0.434386607055902,"Quaternary",846040.934048263,5390499.74630309
"14","CC_S6_R2",15,30,0.227331459492509,"COL",0.29182775629916,10,0.807375631353521,6.82023278977931,623.743198312851,0.717335991506285,0.615701949662544,-0.557084818293162,0.434386607055902,"Quaternary",846040.934048263,5390499.74630309
"15","CC_S6_R2",30,60,0.0716314595807564,"COL",0.29182775629916,10,0.807375631353521,6.82023278977931,623.743198312851,0.717335991506285,0.615701949662544,-0.557084818293162,0.434386607055902,"Quaternary",846040.934048263,5390499.74630309
"16","CC_S6_R2",60,100,0.0550188950555968,"COL",0.29182775629916,10,0.807375631353521,6.82023278977931,623.743198312851,0.717335991506285,0.615701949662544,-0.557084818293162,0.434386607055902,"Quaternary",846040.934048263,5390499.74630309
"17","CC-07-R1",0,15,0.371364759277466,"COL",0.333267613038906,10,0.709563381779256,6.86043387388286,633.520328676238,0.803270460446953,0.659209155702727,-0.554919525237765,0.500401912423609,"Quaternary",845330.021857356,5389772.81657437
"18","CC-07-R1",15,30,0.530563311689592,"COL",0.333267613038906,10,0.709563381779256,6.86043387388286,633.520328676238,0.803270460446953,0.659209155702727,-0.554919525237765,0.500401912423609,"Quaternary",845330.021857356,5389772.81657437
"19","CC-07-R1",30,60,0.372899947072434,"COL",0.333267613038906,10,0.709563381779256,6.86043387388286,633.520328676238,0.803270460446953,0.659209155702727,-0.554919525237765,0.500401912423609,"Quaternary",845330.021857356,5389772.81657437
"20","CC-07-R1",60,100,0.0147628382515113,"COL",0.333267613038906,10,0.709563381779256,6.86043387388286,633.520328676238,0.803270460446953,0.659209155702727,-0.554919525237765,0.500401912423609,"Quaternary",845330.021857356,5389772.81657437
"21","CC-09-R2",0,15,0.141006086964462,"COL",0.263268257411424,10,0.682265508432611,6.61145074973337,626.780779098578,0.739685733713788,0.53123388269919,-0.426669235507696,0.376574704963186,"Quaternary",845560.2346583,5392512.19791004
"22","CC-09-R2",15,30,0.0834682353685924,"COL",0.263268257411424,10,0.682265508432611,6.61145074973337,626.780779098578,0.739685733713788,0.53123388269919,-0.426669235507696,0.376574704963186,"Quaternary",845560.2346583,5392512.19791004
"23","CC-09-R2",30,60,0.0861031174246003,"COL",0.263268257411424,10,0.682265508432611,6.61145074973337,626.780779098578,0.739685733713788,0.53123388269919,-0.426669235507696,0.376574704963186,"Quaternary",845560.2346583,5392512.19791004
"24","CC-09-R2",60,100,0.025640352289369,"COL",0.263268257411424,10,0.682265508432611,6.61145074973337,626.780779098578,0.739685733713788,0.53123388269919,-0.426669235507696,0.376574704963186,"Quaternary",845560.2346583,5392512.19791004
"25","CC-12-R2",0,15,0.113026538169134,"COL",0.324595330181923,10,0.610199576068367,6.77543229132281,629.24483331814,0.7679570688789,0.62757788352229,-0.508883868968076,0.329685287902413,"pre-Tertiary",844590.242952528,5393385.91218074
"26","CC-12-R2",15,30,0.104986867709878,"COL",0.324595330181923,10,0.610199576068367,6.77543229132281,629.24483331814,0.7679570688789,0.62757788352229,-0.508883868968076,0.329685287902413,"pre-Tertiary",844590.242952528,5393385.91218074
"27","CC-12-R2",30,60,0.0888290457414583,"COL",0.324595330181923,10,0.610199576068367,6.77543229132281,629.24483331814,0.7679570688789,0.62757788352229,-0.508883868968076,0.329685287902413,"pre-Tertiary",844590.242952528,5393385.91218074
"28","CC-12-R2",60,100,0.123168153222444,"COL",0.324595330181923,10,0.610199576068367,6.77543229132281,629.24483331814,0.7679570688789,0.62757788352229,-0.508883868968076,0.329685287902413,"pre-Tertiary",844590.242952528,5393385.91218074
"29","CC-17-R1",0,15,0.126833978300747,"COL",0.412956392354355,10,0.42896616546151,6.593797022831,651.079235491251,0.844156204210895,0.617119814388152,-0.439096965377647,0.425655270590005,"Pleistocene",841854.047134107,5388290.3722006
"30","CC-17-R1",15,30,0.058824519302886,"COL",0.412956392354355,10,0.42896616546151,6.593797022831,651.079235491251,0.844156204210895,0.617119814388152,-0.439096965377647,0.425655270590005,"Pleistocene",841854.047134107,5388290.3722006
"31","CC-17-R1",30,60,0.0423231208988613,"COL",0.412956392354355,10,0.42896616546151,6.593797022831,651.079235491251,0.844156204210895,0.617119814388152,-0.439096965377647,0.425655270590005,"Pleistocene",841854.047134107,5388290.3722006
"32","CC-17-R1",60,100,0.0500171333351864,"COL",0.412956392354355,10,0.42896616546151,6.593797022831,651.079235491251,0.844156204210895,0.617119814388152,-0.439096965377647,0.425655270590005,"Pleistocene",841854.047134107,5388290.3722006
"33","CC-23-R1",0,15,0.114967498476621,"COL",0.266321186696279,7,0.00480052811329631,7.06853853882861,610.085273614359,0.661597059772777,0.557181069725392,-0.538461528569982,0.362375034285941,"Pleistocene",849675.243331985,5392568.75119832
"34","CC-23-R1",15,30,0.0801794183593992,"COL",0.266321186696279,7,0.00480052811329631,7.06853853882861,610.085273614359,0.661597059772777,0.557181069725392,-0.538461528569982,0.362375034285941,"Pleistocene",849675.243331985,5392568.75119832
"35","CC-23-R1",30,60,0.0258720557058988,"COL",0.266321186696279,7,0.00480052811329631,7.06853853882861,610.085273614359,0.661597059772777,0.557181069725392,-0.538461528569982,0.362375034285941,"Pleistocene",849675.243331985,5392568.75119832
"36","CC-23-R1",60,100,0.0156105052472553,"COL",0.266321186696279,7,0.00480052811329631,7.06853853882861,610.085273614359,0.661597059772777,0.557181069725392,-0.538461528569982,0.362375034285941,"Pleistocene",849675.243331985,5392568.75119832
"37","CE_S15",0,15,0.181356684932283,"COL",0.355870944992948,7,0.430830783021842,7.15926129292104,603.183778607209,0.827828617854562,0.626484577523246,-0.46131447848709,0.429402900058088,"Pleistocene",851871.569366375,5393934.27829195
"38","CE_S15",15,30,0.19785889921979,"COL",0.355870944992948,7,0.430830783021842,7.15926129292104,603.183778607209,0.827828617854562,0.626484577523246,-0.46131447848709,0.429402900058088,"Pleistocene",851871.569366375,5393934.27829195
"39","CE_S15",30,60,0.135436456593612,"COL",0.355870944992948,7,0.430830783021842,7.15926129292104,603.183778607209,0.827828617854562,0.626484577523246,-0.46131447848709,0.429402900058088,"Pleistocene",851871.569366375,5393934.27829195
"40","CE_S15",60,100,0.0345669573335597,"COL",0.355870944992948,7,0.430830783021842,7.15926129292104,603.183778607209,0.827828617854562,0.626484577523246,-0.46131447848709,0.429402900058088,"Pleistocene",851871.569366375,5393934.27829195
"41","CE-08-R2",0,15,0.444274961028138,"COL",0.388973384030418,6,0.673080138342721,6.97590352925518,665.328664276213,0.864418991848594,0.659120452431889,-0.508966016439514,0.48097569669552,"Pleistocene",852249.123629933,5397788.77386661
"42","CE-08-R2",15,30,0.227971034662832,"COL",0.388973384030418,6,0.673080138342721,6.97590352925518,665.328664276213,0.864418991848594,0.659120452431889,-0.508966016439514,0.48097569669552,"Pleistocene",852249.123629933,5397788.77386661
"43","CE-08-R2",30,60,0.0423857802845093,"COL",0.388973384030418,6,0.673080138342721,6.97590352925518,665.328664276213,0.864418991848594,0.659120452431889,-0.508966016439514,0.48097569669552,"Pleistocene",852249.123629933,5397788.77386661
"44","CE-08-R2",60,100,0.0270338651748253,"COL",0.388973384030418,6,0.673080138342721,6.97590352925518,665.328664276213,0.864418991848594,0.659120452431889,-0.508966016439514,0.48097569669552,"Pleistocene",852249.123629933,5397788.77386661
"45","CE-16-R3",0,15,0.1482365573633,"COL",0.354082493451139,10,0.562318889873341,7.40726894588217,599.138176558925,0.741622011641716,0.590748098480257,-0.507274852336783,0.369471789176143,"Pleistocene",849867.442821343,5391194.94205864
"46","CE-16-R3",15,30,0.0813814025100054,"COL",0.354082493451139,10,0.562318889873341,7.40726894588217,599.138176558925,0.741622011641716,0.590748098480257,-0.507274852336783,0.369471789176143,"Pleistocene",849867.442821343,5391194.94205864
"47","CE-16-R3",30,60,0.0166575530578899,"COL",0.354082493451139,10,0.562318889873341,7.40726894588217,599.138176558925,0.741622011641716,0.590748098480257,-0.507274852336783,0.369471789176143,"Pleistocene",849867.442821343,5391194.94205864
"48","CE-16-R3",60,100,0.00447272534050329,"COL",0.354082493451139,10,0.562318889873341,7.40726894588217,599.138176558925,0.741622011641716,0.590748098480257,-0.507274852336783,0.369471789176143,"Pleistocene",849867.442821343,5391194.94205864
"49","CE-18-R1",0,15,0.240584278991577,"COL",0.282224496758785,10,0.463615418710661,7.56222733157295,587.624169153938,0.692232812420963,0.57288160236033,-0.538771051584442,0.368548224198425,"Pleistocene",852566.175161606,5392463.14400421
"50","CE-18-R1",15,30,0.178999710959004,"COL",0.282224496758785,10,0.463615418710661,7.56222733157295,587.624169153938,0.692232812420963,0.57288160236033,-0.538771051584442,0.368548224198425,"Pleistocene",852566.175161606,5392463.14400421
"51","CE-18-R1",30,60,0.15505863605528,"COL",0.282224496758785,10,0.463615418710661,7.56222733157295,587.624169153938,0.692232812420963,0.57288160236033,-0.538771051584442,0.368548224198425,"Pleistocene",852566.175161606,5392463.14400421
"52","CE-18-R1",60,100,0.0439429360422054,"COL",0.282224496758785,10,0.463615418710661,7.56222733157295,587.624169153938,0.692232812420963,0.57288160236033,-0.538771051584442,0.368548224198425,"Pleistocene",852566.175161606,5392463.14400421
"53","CE-22-R2",0,15,0.147871453593914,"COL",0.400986450479053,6,0.328155646517883,6.93838759672278,666.209626310811,0.792996189761753,0.596913170427393,-0.460476936748866,0.336160866583241,"Pleistocene",852309.984398654,5397820.37025558
"54","CE-22-R2",15,30,0.0517966999045296,"COL",0.400986450479053,6,0.328155646517883,6.93838759672278,666.209626310811,0.792996189761753,0.596913170427393,-0.460476936748866,0.336160866583241,"Pleistocene",852309.984398654,5397820.37025558
"55","CE-22-R2",30,60,0.0135795950753916,"COL",0.400986450479053,6,0.328155646517883,6.93838759672278,666.209626310811,0.792996189761753,0.596913170427393,-0.460476936748866,0.336160866583241,"Pleistocene",852309.984398654,5397820.37025558
"56","CNE_S1",0,15,0.6106257325424,"COL",0.388354812980144,5,0.971134349200291,6.80202391263956,632.653784463542,0.820458003677151,0.67406126302837,-0.555631578616452,0.490989207925279,"Pleistocene",853092.75365169,5400653.17519729
"57","CNE_S1",15,30,0.349100053629947,"COL",0.388354812980144,5,0.971134349200291,6.80202391263956,632.653784463542,0.820458003677151,0.67406126302837,-0.555631578616452,0.490989207925279,"Pleistocene",853092.75365169,5400653.17519729
"58","CNE_S1",30,60,0.110395496187457,"COL",0.388354812980144,5,0.971134349200291,6.80202391263956,632.653784463542,0.820458003677151,0.67406126302837,-0.555631578616452,0.490989207925279,"Pleistocene",853092.75365169,5400653.17519729
"59","CNE_S1",60,100,0.0316187974523936,"COL",0.388354812980144,5,0.971134349200291,6.80202391263956,632.653784463542,0.820458003677151,0.67406126302837,-0.555631578616452,0.490989207925279,"Pleistocene",853092.75365169,5400653.17519729
"60","CNE_S19",0,15,0.198189945037886,"COL",0.350975231640047,6,0.38531462347292,7.26587938672511,630.75118728512,0.759718376784346,0.596643946022192,-0.482355635856123,0.369460242129962,"Pleistocene",851670.631093803,5395592.85805791
"61","CNE_S19",15,30,0.0756184599301283,"COL",0.350975231640047,6,0.38531462347292,7.26587938672511,630.75118728512,0.759718376784346,0.596643946022192,-0.482355635856123,0.369460242129962,"Pleistocene",851670.631093803,5395592.85805791
"62","CNE_S19",30,60,0.0301588287658794,"COL",0.350975231640047,6,0.38531462347292,7.26587938672511,630.75118728512,0.759718376784346,0.596643946022192,-0.482355635856123,0.369460242129962,"Pleistocene",851670.631093803,5395592.85805791
"63","CNE_S19",60,100,0.0298521903534787,"COL",0.350975231640047,6,0.38531462347292,7.26587938672511,630.75118728512,0.759718376784346,0.596643946022192,-0.482355635856123,0.369460242129962,"Pleistocene",851670.631093803,5395592.85805791
"64","CNE_S20",0,15,0.18636031695749,"COL",0.392480842911877,6,0.327341198207059,6.85821173808092,660.320139090067,0.809908106603486,0.612372983375268,-0.477527510588598,0.403348279567159,"Pleistocene",849493.020036879,5397012.4325594
"65","CNE_S20",15,30,0.225989322101641,"COL",0.392480842911877,6,0.327341198207059,6.85821173808092,660.320139090067,0.809908106603486,0.612372983375268,-0.477527510588598,0.403348279567159,"Pleistocene",849493.020036879,5397012.4325594
"66","CNE_S20",30,60,0.0586323741943845,"COL",0.392480842911877,6,0.327341198207059,6.85821173808092,660.320139090067,0.809908106603486,0.612372983375268,-0.477527510588598,0.403348279567159,"Pleistocene",849493.020036879,5397012.4325594
"67","CNE_S20",60,100,0.0487403038983476,"COL",0.392480842911877,6,0.327341198207059,6.85821173808092,660.320139090067,0.809908106603486,0.612372983375268,-0.477527510588598,0.403348279567159,"Pleistocene",849493.020036879,5397012.4325594
"68","CNE_S24",0,15,0.12423591353951,"COL",0.359173297236621,9,0.134063332647289,7.0025708624536,634.987490114651,0.750234293256467,0.647910850148658,-0.55632220627355,0.401295446248592,"Pleistocene",853722.182579301,5400415.09472469
"69","CNE_S24",15,30,0.0398403760308699,"COL",0.359173297236621,9,0.134063332647289,7.0025708624536,634.987490114651,0.750234293256467,0.647910850148658,-0.55632220627355,0.401295446248592,"Pleistocene",853722.182579301,5400415.09472469
"70","CNE_S24",30,60,0.0154434232718508,"COL",0.359173297236621,9,0.134063332647289,7.0025708624536,634.987490114651,0.750234293256467,0.647910850148658,-0.55632220627355,0.401295446248592,"Pleistocene",853722.182579301,5400415.09472469
"71","CNE_S4",0,15,0.589778317032369,"COL",0.401976842699802,5,0.907544090183001,6.73427599735121,631.871783287259,0.848049347781266,0.668572956569277,-0.523871853094941,0.52154174927488,"Pleistocene",852981.888856299,5400692.15158436
"72","CNE_S4",15,30,0.358225083523607,"COL",0.401976842699802,5,0.907544090183001,6.73427599735121,631.871783287259,0.848049347781266,0.668572956569277,-0.523871853094941,0.52154174927488,"Pleistocene",852981.888856299,5400692.15158436
"73","CNE_S4",30,60,0.127057000211797,"COL",0.401976842699802,5,0.907544090183001,6.73427599735121,631.871783287259,0.848049347781266,0.668572956569277,-0.523871853094941,0.52154174927488,"Pleistocene",852981.888856299,5400692.15158436
"74","CNE_S4",60,100,0.0362431096494215,"COL",0.401976842699802,5,0.907544090183001,6.73427599735121,631.871783287259,0.848049347781266,0.668572956569277,-0.523871853094941,0.52154174927488,"Pleistocene",852981.888856299,5400692.15158436
"75","CNE-25-R3",0,15,0.125606700442771,"COL",0.319541727751534,2,0.227854447345642,6.16365137635769,610.986240546912,0.648408297875507,0.583844243465525,-0.54914372776986,0.331359616092306,"Pleistocene",853753.138196982,5401946.63878445
"76","CNE-25-R3",15,30,0.0462452084219417,"COL",0.319541727751534,2,0.227854447345642,6.16365137635769,610.986240546912,0.648408297875507,0.583844243465525,-0.54914372776986,0.331359616092306,"Pleistocene",853753.138196982,5401946.63878445
"77","CNE-25-R3",30,60,0.00636021917740876,"COL",0.319541727751534,2,0.227854447345642,6.16365137635769,610.986240546912,0.648408297875507,0.583844243465525,-0.54914372776986,0.331359616092306,"Pleistocene",853753.138196982,5401946.63878445
"78","CNE-25-R3",60,100,0.00422676624048295,"COL",0.319541727751534,2,0.227854447345642,6.16365137635769,610.986240546912,0.648408297875507,0.583844243465525,-0.54914372776986,0.331359616092306,"Pleistocene",853753.138196982,5401946.63878445
"79","CNE-29IS28-R2",0,15,0.211791362116102,"COL",0.281487859479938,3,0.0467804786228131,7.45444371958254,583.566712482354,0.681400971822824,0.564572503437981,-0.529588328253024,0.331312142505499,"pre-Tertiary",855461.500943656,5401873.80783029
"80","CNE-29IS28-R2",15,30,0.0859625744472301,"COL",0.281487859479938,3,0.0467804786228131,7.45444371958254,583.566712482354,0.681400971822824,0.564572503437981,-0.529588328253024,0.331312142505499,"pre-Tertiary",855461.500943656,5401873.80783029
"81","CNE-29IS28-R2",30,60,0.03127444873547,"COL",0.281487859479938,3,0.0467804786228131,7.45444371958254,583.566712482354,0.681400971822824,0.564572503437981,-0.529588328253024,0.331312142505499,"pre-Tertiary",855461.500943656,5401873.80783029
"82","CSW_S13_R3",0,15,1.20364899425141,"COL",0.37868144334395,10,0.602400539504654,5.97970987031985,659.270362567288,0.824782175893465,0.596128408526928,-0.433792338642271,0.360960923173476,"Pleistocene",837562.634684537,5388378.3464485
"83","CSW_S13_R3",15,30,1.97127525920934,"COL",0.37868144334395,10,0.602400539504654,5.97970987031985,659.270362567288,0.824782175893465,0.596128408526928,-0.433792338642271,0.360960923173476,"Pleistocene",837562.634684537,5388378.3464485
"84","CSW_S13_R3",30,60,1.84681400522459,"COL",0.37868144334395,10,0.602400539504654,5.97970987031985,659.270362567288,0.824782175893465,0.596128408526928,-0.433792338642271,0.360960923173476,"Pleistocene",837562.634684537,5388378.3464485
"85","CSW_S13_R3",60,100,0.117450700197963,"COL",0.37868144334395,10,0.602400539504654,5.97970987031985,659.270362567288,0.824782175893465,0.596128408526928,-0.433792338642271,0.360960923173476,"Pleistocene",837562.634684537,5388378.3464485
"86","CSW_S14",0,15,0.300644408121065,"COL",0.372364359336577,10,0.430683103328527,6.00145234534923,657.501633584179,0.817465138446672,0.619517229432447,-0.466341489658268,0.353674182617538,"Pleistocene",837635.755391719,5388262.63425341
"87","CSW_S14",15,30,0.11323677781307,"COL",0.372364359336577,10,0.430683103328527,6.00145234534923,657.501633584179,0.817465138446672,0.619517229432447,-0.466341489658268,0.353674182617538,"Pleistocene",837635.755391719,5388262.63425341
"88","CSW_S14",30,60,0.118406804227902,"COL",0.372364359336577,10,0.430683103328527,6.00145234534923,657.501633584179,0.817465138446672,0.619517229432447,-0.466341489658268,0.353674182617538,"Pleistocene",837635.755391719,5388262.63425341
"89","CSW_S14",60,100,0.0376460330458504,"COL",0.372364359336577,10,0.430683103328527,6.00145234534923,657.501633584179,0.817465138446672,0.619517229432447,-0.466341489658268,0.353674182617538,"Pleistocene",837635.755391719,5388262.63425341
"90","CSW_S30",0,15,0.0978324417973968,"COL",0.42110400173517,5,0.016673644516023,6.10480843953582,674.777095780597,0.802074058331445,0.64021738351804,-0.485743401520187,0.346647368409264,"Pleistocene",838940.564496702,5386051.5592239
"91","CSW_S30",15,30,0.0777232918085606,"COL",0.42110400173517,5,0.016673644516023,6.10480843953582,674.777095780597,0.802074058331445,0.64021738351804,-0.485743401520187,0.346647368409264,"Pleistocene",838940.564496702,5386051.5592239
"92","CSW_S30",30,60,0.0648703994618935,"COL",0.42110400173517,5,0.016673644516023,6.10480843953582,674.777095780597,0.802074058331445,0.64021738351804,-0.485743401520187,0.346647368409264,"Pleistocene",838940.564496702,5386051.5592239
"93","CSW_S30",60,100,0.0524293533668518,"COL",0.42110400173517,5,0.016673644516023,6.10480843953582,674.777095780597,0.802074058331445,0.64021738351804,-0.485743401520187,0.346647368409264,"Pleistocene",838940.564496702,5386051.5592239
"94","CW_S11_R2",0,15,0.170912912750896,"COL",0.38391170329124,9,0.642073821838692,5.41151989160065,772.466174866049,0.750390748836778,0.612953311978387,-0.546538084117897,0.293408346607667,"Pleistocene",836747.862084798,5390491.05949114
"95","CW_S11_R2",15,30,0.0954170255015305,"COL",0.38391170329124,9,0.642073821838692,5.41151989160065,772.466174866049,0.750390748836778,0.612953311978387,-0.546538084117897,0.293408346607667,"Pleistocene",836747.862084798,5390491.05949114
"96","CW_S11_R2",30,60,0.0379831240684114,"COL",0.38391170329124,9,0.642073821838692,5.41151989160065,772.466174866049,0.750390748836778,0.612953311978387,-0.546538084117897,0.293408346607667,"Pleistocene",836747.862084798,5390491.05949114
"97","CW_S11_R2",60,100,0.0113502973749081,"COL",0.38391170329124,9,0.642073821838692,5.41151989160065,772.466174866049,0.750390748836778,0.612953311978387,-0.546538084117897,0.293408346607667,"Pleistocene",836747.862084798,5390491.05949114
"98","CW_S2_R2",0,15,0.197586986091677,"COL",0.389769967138162,9,0.915538651449786,5.40691617913545,769.719296902289,0.82927758111797,0.641485151529882,-0.513029661387186,0.408281496525082,"Pleistocene",836790.407327312,5390421.90555179
"99","CW_S2_R2",15,30,0.0944032775687359,"COL",0.389769967138162,9,0.915538651449786,5.40691617913545,769.719296902289,0.82927758111797,0.641485151529882,-0.513029661387186,0.408281496525082,"Pleistocene",836790.407327312,5390421.90555179
"100","CW_S2_R2",30,60,0.082755746960166,"COL",0.389769967138162,9,0.915538651449786,5.40691617913545,769.719296902289,0.82927758111797,0.641485151529882,-0.513029661387186,0.408281496525082,"Pleistocene",836790.407327312,5390421.90555179
"101","CW_S2_R2",60,100,0.11485447732339,"COL",0.389769967138162,9,0.915538651449786,5.40691617913545,769.719296902289,0.82927758111797,0.641485151529882,-0.513029661387186,0.408281496525082,"Pleistocene",836790.407327312,5390421.90555179
"102","CW-05-R1",0,15,0.624127996171525,"COL",0.384584157913431,10,0.855518917798355,5.16205523580145,789.54906533308,0.812373973058163,0.63842897975779,-0.506308750306903,0.383997452380267,"Pleistocene",835986.045909292,5393058.62063222
"103","CW-05-R1",15,30,0.662929948406473,"COL",0.384584157913431,10,0.855518917798355,5.16205523580145,789.54906533308,0.812373973058163,0.63842897975779,-0.506308750306903,0.383997452380267,"Pleistocene",835986.045909292,5393058.62063222
"104","CW-05-R1",30,60,0.53048120828359,"COL",0.384584157913431,10,0.855518917798355,5.16205523580145,789.54906533308,0.812373973058163,0.63842897975779,-0.506308750306903,0.383997452380267,"Pleistocene",835986.045909292,5393058.62063222
"105","CW-05-R1",60,100,0.5081891212846,"COL",0.384584157913431,10,0.855518917798355,5.16205523580145,789.54906533308,0.812373973058163,0.63842897975779,-0.506308750306903,0.383997452380267,"Pleistocene",835986.045909292,5393058.62063222
"106","CW-10-R1",0,15,0.171744995635485,"COL",0.344707895380103,10,0.749510927382537,7.38292561980416,596.868507566981,0.822171286177596,0.679581995242795,-0.539528255460293,0.467467743678541,"Pleistocene",850753.307508945,5391620.23173187
"107","CW-10-R1",15,30,0.131253916478482,"COL",0.344707895380103,10,0.749510927382537,7.38292561980416,596.868507566981,0.822171286177596,0.679581995242795,-0.539528255460293,0.467467743678541,"Pleistocene",850753.307508945,5391620.23173187
"108","CW-10-R1",30,60,0.0387003008316811,"COL",0.344707895380103,10,0.749510927382537,7.38292561980416,596.868507566981,0.822171286177596,0.679581995242795,-0.539528255460293,0.467467743678541,"Pleistocene",850753.307508945,5391620.23173187
"109","CW-10-R1",60,100,0.0645577259203519,"COL",0.344707895380103,10,0.749510927382537,7.38292561980416,596.868507566981,0.822171286177596,0.679581995242795,-0.539528255460293,0.467467743678541,"Pleistocene",850753.307508945,5391620.23173187
"110","CW-21-R2",0,15,0.296348323940811,"COL",0.37411138955659,9,0.377807341483424,4.67209105298246,711.824159038818,0.79385735108814,0.62271154482315,-0.515567589927322,0.37966260914451,"pre-Tertiary",833888.457926145,5394230.51393113
"111","CW-21-R2",15,30,0.1712412353917,"COL",0.37411138955659,9,0.377807341483424,4.67209105298246,711.824159038818,0.79385735108814,0.62271154482315,-0.515567589927322,0.37966260914451,"pre-Tertiary",833888.457926145,5394230.51393113
"112","CW-21-R2",30,60,0.0734388431918288,"COL",0.37411138955659,9,0.377807341483424,4.67209105298246,711.824159038818,0.79385735108814,0.62271154482315,-0.515567589927322,0.37966260914451,"pre-Tertiary",833888.457926145,5394230.51393113
"113","CW-21-R2",60,100,0.00369170753728331,"COL",0.37411138955659,9,0.377807341483424,4.67209105298246,711.824159038818,0.79385735108814,0.62271154482315,-0.515567589927322,0.37966260914451,"pre-Tertiary",833888.457926145,5394230.51393113
"114","CW-29-R2",0,15,0.171297486737595,"COL",0.371964844331893,10,0.233541189369095,6.11329870836786,661.417749303731,0.798395074330865,0.575830146699557,-0.431649247639434,0.269534974172646,"Pleistocene",839167.412928861,5395199.98381484
"115","CW-29-R2",15,30,0.13472989720379,"COL",0.371964844331893,10,0.233541189369095,6.11329870836786,661.417749303731,0.798395074330865,0.575830146699557,-0.431649247639434,0.269534974172646,"Pleistocene",839167.412928861,5395199.98381484
"116","CW-29-R2",30,60,0.0331249833281129,"COL",0.371964844331893,10,0.233541189369095,6.11329870836786,661.417749303731,0.798395074330865,0.575830146699557,-0.431649247639434,0.269534974172646,"Pleistocene",839167.412928861,5395199.98381484
"117","CW-29-R2",60,100,0.0224922587208118,"COL",0.371964844331893,10,0.233541189369095,6.11329870836786,661.417749303731,0.798395074330865,0.575830146699557,-0.431649247639434,0.269534974172646,"Pleistocene",839167.412928861,5395199.98381484
"118","E-ML-FR-H-1040",0,15,0.828510010256629,"HOH",0.477881433867042,10,0.860526846415503,9.88032871519608,3205.13046255207,0.849622003148379,0.690465914429343,-0.547929510629007,0.596807364359995,"Pleistocene",416323.579562068,5292273.71992592
"119","E-ML-FR-H-1040",15,30,1.17739213565674,"HOH",0.477881433867042,10,0.860526846415503,9.88032871519608,3205.13046255207,0.849622003148379,0.690465914429343,-0.547929510629007,0.596807364359995,"Pleistocene",416323.579562068,5292273.71992592
"120","E-ML-FR-H-1040",30,60,1.57348169921071,"HOH",0.477881433867042,10,0.860526846415503,9.88032871519608,3205.13046255207,0.849622003148379,0.690465914429343,-0.547929510629007,0.596807364359995,"Pleistocene",416323.579562068,5292273.71992592
"121","E-ML-FR-H-1040",60,100,1.2570312333106,"HOH",0.477881433867042,10,0.860526846415503,9.88032871519608,3205.13046255207,0.849622003148379,0.690465914429343,-0.547929510629007,0.596807364359995,"Pleistocene",416323.579562068,5292273.71992592
"122","H-C-01-DNR-WET",0,15,0.708247532232986,"HOH",0.54286551259576,10,0.872516082794238,10.164982484552,3070.46656282113,0.840120886299533,0.649201225862464,-0.477296790521722,0.454909126986311,"Pleistocene",411350.04861576,5295086.0286791
"123","H-C-01-DNR-WET",15,30,1.74786541693652,"HOH",0.54286551259576,10,0.872516082794238,10.164982484552,3070.46656282113,0.840120886299533,0.649201225862464,-0.477296790521722,0.454909126986311,"Pleistocene",411350.04861576,5295086.0286791
"124","H-C-01-DNR-WET",30,60,2.05403953252018,"HOH",0.54286551259576,10,0.872516082794238,10.164982484552,3070.46656282113,0.840120886299533,0.649201225862464,-0.477296790521722,0.454909126986311,"Pleistocene",411350.04861576,5295086.0286791
"125","H-C-01-DNR-WET",60,100,0.812121686001362,"HOH",0.54286551259576,10,0.872516082794238,10.164982484552,3070.46656282113,0.840120886299533,0.649201225862464,-0.477296790521722,0.454909126986311,"Pleistocene",411350.04861576,5295086.0286791
"126","H-C-02-DNR",0,15,0.750807824311735,"HOH",0.579291005517333,10,0.896369191143302,10.1992228132598,3054.49066602279,0.862267429169104,0.648463636710994,-0.445614081009817,0.533613545848987,"Pleistocene",409931.027860385,5294415.24997051
"127","H-C-02-DNR",15,30,0.716722013364489,"HOH",0.579291005517333,10,0.896369191143302,10.1992228132598,3054.49066602279,0.862267429169104,0.648463636710994,-0.445614081009817,0.533613545848987,"Pleistocene",409931.027860385,5294415.24997051
"128","H-C-02-DNR",30,60,0.257316268233673,"HOH",0.579291005517333,10,0.896369191143302,10.1992228132598,3054.49066602279,0.862267429169104,0.648463636710994,-0.445614081009817,0.533613545848987,"Pleistocene",409931.027860385,5294415.24997051
"129","H-C-05-2020",0,15,0.153699343739777,"HOH",0.383024483558291,10,0.768495767652833,10.4094462170959,2981.12135097683,0.848048074291681,0.701793803817624,-0.591362540210581,0.63658862839383,"Quaternary",405803.044116043,5293090.83504108
"130","H-C-05-2020",15,30,0.0415282931454688,"HOH",0.383024483558291,10,0.768495767652833,10.4094462170959,2981.12135097683,0.848048074291681,0.701793803817624,-0.591362540210581,0.63658862839383,"Quaternary",405803.044116043,5293090.83504108
"131","H-C-05-2020",30,60,0.00969458113111002,"HOH",0.383024483558291,10,0.768495767652833,10.4094462170959,2981.12135097683,0.848048074291681,0.701793803817624,-0.591362540210581,0.63658862839383,"Quaternary",405803.044116043,5293090.83504108
"132","H-C-05-2020",60,100,0.0095119098549557,"HOH",0.383024483558291,10,0.768495767652833,10.4094462170959,2981.12135097683,0.848048074291681,0.701793803817624,-0.591362540210581,0.63658862839383,"Quaternary",405803.044116043,5293090.83504108
"133","H-C-06-DNR",0,15,1.04618348016848,"HOH",0.4770236747073,9,0.468809406992648,9.9203710456877,3135.8632234097,0.873584563407785,0.703707860511522,-0.547303850038864,0.565586558803008,"Pleistocene",417045.459695327,5294011.14961493
"134","H-C-06-DNR",15,30,1.1036833560158,"HOH",0.4770236747073,9,0.468809406992648,9.9203710456877,3135.8632234097,0.873584563407785,0.703707860511522,-0.547303850038864,0.565586558803008,"Pleistocene",417045.459695327,5294011.14961493
"135","H-C-06-DNR",30,60,1.20519676702982,"HOH",0.4770236747073,9,0.468809406992648,9.9203710456877,3135.8632234097,0.873584563407785,0.703707860511522,-0.547303850038864,0.565586558803008,"Pleistocene",417045.459695327,5294011.14961493
"136","H-C-06-DNR",60,100,0.784595233105217,"HOH",0.4770236747073,9,0.468809406992648,9.9203710456877,3135.8632234097,0.873584563407785,0.703707860511522,-0.547303850038864,0.565586558803008,"Pleistocene",417045.459695327,5294011.14961493
"137","H-C-08-DNR",0,15,0.591802758984976,"HOH",0.276687356260942,6,0.171825417839706,10.2237415691619,3003.04702370423,0.656561661029222,0.589399766200783,-0.557377705473934,0.387458494654138,"Pleistocene",407481.99117649,5294421.11672328
"138","H-C-08-DNR",15,30,0.845581912867318,"HOH",0.276687356260942,6,0.171825417839706,10.2237415691619,3003.04702370423,0.656561661029222,0.589399766200783,-0.557377705473934,0.387458494654138,"Pleistocene",407481.99117649,5294421.11672328
"139","H-C-08-DNR",30,60,0.627999602319741,"HOH",0.276687356260942,6,0.171825417839706,10.2237415691619,3003.04702370423,0.656561661029222,0.589399766200783,-0.557377705473934,0.387458494654138,"Pleistocene",407481.99117649,5294421.11672328
"140","H-C-08-DNR",60,100,0.0482750447312911,"HOH",0.276687356260942,6,0.171825417839706,10.2237415691619,3003.04702370423,0.656561661029222,0.589399766200783,-0.557377705473934,0.387458494654138,"Pleistocene",407481.99117649,5294421.11672328
"141","H-C-10-2020",0,15,1.01139838680566,"HOH",0.566514660354842,10,0.540789562883847,10.2257762696219,3032.87512128253,0.902579525627174,0.688723074581559,-0.451836689037762,0.541830106827339,"Pleistocene",409085.290444709,5294752.86090599
"142","H-C-10-2020",15,30,0.688870740726783,"HOH",0.566514660354842,10,0.540789562883847,10.2257762696219,3032.87512128253,0.902579525627174,0.688723074581559,-0.451836689037762,0.541830106827339,"Pleistocene",409085.290444709,5294752.86090599
"143","H-C-10-2020",30,60,0.564696672244561,"HOH",0.566514660354842,10,0.540789562883847,10.2257762696219,3032.87512128253,0.902579525627174,0.688723074581559,-0.451836689037762,0.541830106827339,"Pleistocene",409085.290444709,5294752.86090599
"144","H-C-10-2020",60,100,0.309088937706511,"HOH",0.566514660354842,10,0.540789562883847,10.2257762696219,3032.87512128253,0.902579525627174,0.688723074581559,-0.451836689037762,0.541830106827339,"Pleistocene",409085.290444709,5294752.86090599
"145","H-C-11R2-TNC",0,15,0.231752268971112,"HOH",0.497381054655427,10,0.409410463211748,10.0417007949378,3115.690629669,0.893784156585085,0.657108833579838,-0.455627883584235,0.494532331211964,"Quaternary",418440.091697407,5295742.75825716
"146","H-C-11R2-TNC",15,30,0.210076131685182,"HOH",0.497381054655427,10,0.409410463211748,10.0417007949378,3115.690629669,0.893784156585085,0.657108833579838,-0.455627883584235,0.494532331211964,"Quaternary",418440.091697407,5295742.75825716
"147","H-C-11R2-TNC",30,60,0.267167338668753,"HOH",0.497381054655427,10,0.409410463211748,10.0417007949378,3115.690629669,0.893784156585085,0.657108833579838,-0.455627883584235,0.494532331211964,"Quaternary",418440.091697407,5295742.75825716
"148","H-C-11R2-TNC",60,100,0.0865908159172859,"HOH",0.497381054655427,10,0.409410463211748,10.0417007949378,3115.690629669,0.893784156585085,0.657108833579838,-0.455627883584235,0.494532331211964,"Quaternary",418440.091697407,5295742.75825716
"149","H-C-14-2020",0,15,0.355279242986271,"HOH",0.404010038483006,10,0.210371485391086,9.79410200585593,3238.34997642613,0.61414521503829,0.606620446024728,-0.622272505823762,0.341799828833647,"Pleistocene",417952.05343194,5292203.74775837
"150","H-C-14-2020",15,30,0.42383449469021,"HOH",0.404010038483006,10,0.210371485391086,9.79410200585593,3238.34997642613,0.61414521503829,0.606620446024728,-0.622272505823762,0.341799828833647,"Pleistocene",417952.05343194,5292203.74775837
"151","H-C-14-2020",30,60,0.240998646360209,"HOH",0.404010038483006,10,0.210371485391086,9.79410200585593,3238.34997642613,0.61414521503829,0.606620446024728,-0.622272505823762,0.341799828833647,"Pleistocene",417952.05343194,5292203.74775837
"152","H-C-14-2020",60,100,0.0735760521594123,"HOH",0.404010038483006,10,0.210371485391086,9.79410200585593,3238.34997642613,0.61414521503829,0.606620446024728,-0.622272505823762,0.341799828833647,"Pleistocene",417952.05343194,5292203.74775837
"153","H-C-16-TNC",0,15,0.494021586333385,"HOH",0.48650601348718,7,0.108383181721469,9.95953191850298,3237.9265447458,0.913846102263288,0.730631683541073,-0.514698580936896,0.627464191740306,"Pleistocene",415981.238219513,5297044.24349117
"154","H-C-16-TNC",15,30,0.549397845335887,"HOH",0.48650601348718,7,0.108383181721469,9.95953191850298,3237.9265447458,0.913846102263288,0.730631683541073,-0.514698580936896,0.627464191740306,"Pleistocene",415981.238219513,5297044.24349117
"155","H-C-16-TNC",30,60,0.416374079311006,"HOH",0.48650601348718,7,0.108383181721469,9.95953191850298,3237.9265447458,0.913846102263288,0.730631683541073,-0.514698580936896,0.627464191740306,"Pleistocene",415981.238219513,5297044.24349117
"156","H-C-16-TNC",60,100,0.278805604091395,"HOH",0.48650601348718,7,0.108383181721469,9.95953191850298,3237.9265447458,0.913846102263288,0.730631683541073,-0.514698580936896,0.627464191740306,"Pleistocene",415981.238219513,5297044.24349117
"157","H-C-19-DNR",0,15,0.934289674968323,"HOH",0.549923889475646,10,0.255160736593815,9.83048281509485,3200.7000374846,0.913073175798233,0.708877704260754,-0.494387994107133,0.530184630808446,"Pleistocene",415304.62211306,5293114.46512911
"158","H-C-19-DNR",15,30,0.498362881832942,"HOH",0.549923889475646,10,0.255160736593815,9.83048281509485,3200.7000374846,0.913073175798233,0.708877704260754,-0.494387994107133,0.530184630808446,"Pleistocene",415304.62211306,5293114.46512911
"159","H-C-19-DNR",30,60,0.548193759238696,"HOH",0.549923889475646,10,0.255160736593815,9.83048281509485,3200.7000374846,0.913073175798233,0.708877704260754,-0.494387994107133,0.530184630808446,"Pleistocene",415304.62211306,5293114.46512911
"160","H-C-19-DNR",60,100,0.353055402441388,"HOH",0.549923889475646,10,0.255160736593815,9.83048281509485,3200.7000374846,0.913073175798233,0.708877704260754,-0.494387994107133,0.530184630808446,"Pleistocene",415304.62211306,5293114.46512911
"161","H-C-23-2020",0,15,0.168989365986447,"HOH",0.559957513643807,10,0.139474310682782,9.88665245497958,3190.9233197279,0.892229831272142,0.693505163827322,-0.511201130458537,0.481296439220125,"Pleistocene",416638.567870776,5292543.77420726
"162","H-C-23-2020",15,30,0.152927666185844,"HOH",0.559957513643807,10,0.139474310682782,9.88665245497958,3190.9233197279,0.892229831272142,0.693505163827322,-0.511201130458537,0.481296439220125,"Pleistocene",416638.567870776,5292543.77420726
"163","H-C-23-2020",30,60,0.136038853673034,"HOH",0.559957513643807,10,0.139474310682782,9.88665245497958,3190.9233197279,0.892229831272142,0.693505163827322,-0.511201130458537,0.481296439220125,"Pleistocene",416638.567870776,5292543.77420726
"164","H-C-23-2020",60,100,0.145689603680354,"HOH",0.559957513643807,10,0.139474310682782,9.88665245497958,3190.9233197279,0.892229831272142,0.693505163827322,-0.511201130458537,0.481296439220125,"Pleistocene",416638.567870776,5292543.77420726
"165","H-C-28-DNR",0,15,0.611315333679026,"HOH",0.364835491991658,9,0.25021751471605,10.0844787452332,3127.48475881388,0.613759304848961,0.620440981389367,-0.600549795791304,0.347436613048776,"Pleistocene",411435.491627199,5292783.56148292
"166","H-C-28-DNR",15,30,0.817607741986199,"HOH",0.364835491991658,9,0.25021751471605,10.0844787452332,3127.48475881388,0.613759304848961,0.620440981389367,-0.600549795791304,0.347436613048776,"Pleistocene",411435.491627199,5292783.56148292
"167","H-C-28-DNR",30,60,0.528610661154711,"HOH",0.364835491991658,9,0.25021751471605,10.0844787452332,3127.48475881388,0.613759304848961,0.620440981389367,-0.600549795791304,0.347436613048776,"Pleistocene",411435.491627199,5292783.56148292
"168","H-C-28-DNR",60,100,0.205863992029281,"HOH",0.364835491991658,9,0.25021751471605,10.0844787452332,3127.48475881388,0.613759304848961,0.620440981389367,-0.600549795791304,0.347436613048776,"Pleistocene",411435.491627199,5292783.56148292
"169","H-C-30-2020",0,15,0.380059118129495,"HOH",0.491326653839771,9,0.0716580843290499,9.99694367424975,3138.4523505425,0.828266710050732,0.603761258979451,-0.468450377768113,0.41014329182863,"Pleistocene",413013.092629657,5293917.33139502
"170","H-C-30-2020",15,30,0.741115694022221,"HOH",0.491326653839771,9,0.0716580843290499,9.99694367424975,3138.4523505425,0.828266710050732,0.603761258979451,-0.468450377768113,0.41014329182863,"Pleistocene",413013.092629657,5293917.33139502
"171","H-C-30-2020",30,60,0.755020409747202,"HOH",0.491326653839771,9,0.0716580843290499,9.99694367424975,3138.4523505425,0.828266710050732,0.603761258979451,-0.468450377768113,0.41014329182863,"Pleistocene",413013.092629657,5293917.33139502
"172","H-C-30-2020",60,100,0.772586876797823,"HOH",0.491326653839771,9,0.0716580843290499,9.99694367424975,3138.4523505425,0.828266710050732,0.603761258979451,-0.468450377768113,0.41014329182863,"Pleistocene",413013.092629657,5293917.33139502
"173","H-CE-20-DNR",0,15,0.517990344757636,"HOH",0.518089016268892,10,0.308097988059716,9.75719748296579,3247.50461853665,0.887731078685274,0.683134164907177,-0.503564049081709,0.507548135329815,"Pleistocene",415802.099356039,5291568.71878356
"174","H-CE-20-DNR",15,30,0.550768400245444,"HOH",0.518089016268892,10,0.308097988059716,9.75719748296579,3247.50461853665,0.887731078685274,0.683134164907177,-0.503564049081709,0.507548135329815,"Pleistocene",415802.099356039,5291568.71878356
"175","H-CE-20-DNR",30,60,0.58613423752435,"HOH",0.518089016268892,10,0.308097988059716,9.75719748296579,3247.50461853665,0.887731078685274,0.683134164907177,-0.503564049081709,0.507548135329815,"Pleistocene",415802.099356039,5291568.71878356
"176","H-CE-20-DNR",60,100,0.370653109572644,"HOH",0.518089016268892,10,0.308097988059716,9.75719748296579,3247.50461853665,0.887731078685274,0.683134164907177,-0.503564049081709,0.507548135329815,"Pleistocene",415802.099356039,5291568.71878356
"177","H-CN-17R2-DNR",0,15,0.337064389708938,"HOH",0.362017531714072,9,0.201901881453272,10.0832716943396,3042.46564328133,0.828677778821345,0.674271432551895,-0.546742281098037,0.569521154923032,"Pleistocene",406981.668212352,5299114.72664648
"178","H-CN-17R2-DNR",15,30,0.389976643665198,"HOH",0.362017531714072,9,0.201901881453272,10.0832716943396,3042.46564328133,0.828677778821345,0.674271432551895,-0.546742281098037,0.569521154923032,"Pleistocene",406981.668212352,5299114.72664648
"179","H-CN-17R2-DNR",30,60,0.740747723361974,"HOH",0.362017531714072,9,0.201901881453272,10.0832716943396,3042.46564328133,0.828677778821345,0.674271432551895,-0.546742281098037,0.569521154923032,"Pleistocene",406981.668212352,5299114.72664648
"180","H-CN-17R2-DNR",60,100,0.368496978064366,"HOH",0.362017531714072,9,0.201901881453272,10.0832716943396,3042.46564328133,0.828677778821345,0.674271432551895,-0.546742281098037,0.569521154923032,"Pleistocene",406981.668212352,5299114.72664648
"181","H-CW-12-TNC",0,15,0.390255402680704,"HOH",0.554416413823188,6,0.266151340996471,10.267487663761,2794.9957864388,0.904109014479193,0.678424028785108,-0.415428813984702,0.559101333100755,"Pleistocene",397881.847333422,5289406.48210898
"182","H-CW-12-TNC",15,30,0.481434481251796,"HOH",0.554416413823188,6,0.266151340996471,10.267487663761,2794.9957864388,0.904109014479193,0.678424028785108,-0.415428813984702,0.559101333100755,"Pleistocene",397881.847333422,5289406.48210898
"183","H-CW-12-TNC",30,60,0.347105033118575,"HOH",0.554416413823188,6,0.266151340996471,10.267487663761,2794.9957864388,0.904109014479193,0.678424028785108,-0.415428813984702,0.559101333100755,"Pleistocene",397881.847333422,5289406.48210898
"184","H-CW-12-TNC",60,100,0.193149836885733,"HOH",0.554416413823188,6,0.266151340996471,10.267487663761,2794.9957864388,0.904109014479193,0.678424028785108,-0.415428813984702,0.559101333100755,"Pleistocene",397881.847333422,5289406.48210898
"185","H-CW-14-TNC",0,15,0.885355773194757,"HOH",0.500230803902244,5,0.213104572612642,10.2220556259,2779.97717139948,0.872105148175709,0.664065458422626,-0.457427594755916,0.51840536762687,"Pleistocene",399484.079575334,5287155.07165581
"186","H-CW-14-TNC",15,30,0.764295363468196,"HOH",0.500230803902244,5,0.213104572612642,10.2220556259,2779.97717139948,0.872105148175709,0.664065458422626,-0.457427594755916,0.51840536762687,"Pleistocene",399484.079575334,5287155.07165581
"187","H-CW-14-TNC",30,60,0.773485494156806,"HOH",0.500230803902244,5,0.213104572612642,10.2220556259,2779.97717139948,0.872105148175709,0.664065458422626,-0.457427594755916,0.51840536762687,"Pleistocene",399484.079575334,5287155.07165581
"188","H-CW-14-TNC",60,100,0.334534170917025,"HOH",0.500230803902244,5,0.213104572612642,10.2220556259,2779.97717139948,0.872105148175709,0.664065458422626,-0.457427594755916,0.51840536762687,"Pleistocene",399484.079575334,5287155.07165581
"189","H-CW-19R2-TNC",0,15,0.249250430353977,"HOH",0.350123342297227,7,0.0733829471654799,10.110766857262,2849.74920513924,0.735275329949469,0.623072924676732,-0.574881597643673,0.470160047205037,"Pleistocene",400930.280434676,5287319.9880669
"190","H-CW-19R2-TNC",15,30,0.254633213809354,"HOH",0.350123342297227,7,0.0733829471654799,10.110766857262,2849.74920513924,0.735275329949469,0.623072924676732,-0.574881597643673,0.470160047205037,"Pleistocene",400930.280434676,5287319.9880669
"191","H-CW-19R2-TNC",30,60,0.151763601856268,"HOH",0.350123342297227,7,0.0733829471654799,10.110766857262,2849.74920513924,0.735275329949469,0.623072924676732,-0.574881597643673,0.470160047205037,"Pleistocene",400930.280434676,5287319.9880669
"192","H-CW-19R2-TNC",60,100,0.0818196594960512,"HOH",0.350123342297227,7,0.0733829471654799,10.110766857262,2849.74920513924,0.735275329949469,0.623072924676732,-0.574881597643673,0.470160047205037,"Pleistocene",400930.280434676,5287319.9880669
"193","H-E-07-2020",0,15,0.087605302349748,"HOH",0.344076866645998,10,0.49536219814772,9.65932557573151,3284.65673547682,0.909466495900369,0.748252009992673,-0.544758842894489,0.598898473032062,"Quaternary",425594.985595954,5295144.11602975
"194","H-E-07-2020",15,30,0.118961570163137,"HOH",0.344076866645998,10,0.49536219814772,9.65932557573151,3284.65673547682,0.909466495900369,0.748252009992673,-0.544758842894489,0.598898473032062,"Quaternary",425594.985595954,5295144.11602975
"195","H-E-07-2020",30,60,0.0826119518178565,"HOH",0.344076866645998,10,0.49536219814772,9.65932557573151,3284.65673547682,0.909466495900369,0.748252009992673,-0.544758842894489,0.598898473032062,"Quaternary",425594.985595954,5295144.11602975
"196","H-E-07-2020",60,100,0.0732482314456379,"HOH",0.344076866645998,10,0.49536219814772,9.65932557573151,3284.65673547682,0.909466495900369,0.748252009992673,-0.544758842894489,0.598898473032062,"Quaternary",425594.985595954,5295144.11602975
"197","H-E-29-2020",0,15,0.301413253927966,"HOH",0.39555546868571,9,0.0398510483111166,9.66143330474943,3333.86470479711,0.748232540687863,0.621306348649904,-0.54294667590047,0.380980158553033,"Miocene-Eocene",422318.218953319,5294791.21026132
"198","H-E-29-2020",15,30,0.0790970970211864,"HOH",0.39555546868571,9,0.0398510483111166,9.66143330474943,3333.86470479711,0.748232540687863,0.621306348649904,-0.54294667590047,0.380980158553033,"Miocene-Eocene",422318.218953319,5294791.21026132
"199","H-HS-1",0,15,0.557321457735691,"HOH",0.486864274512056,6,0.00406509027548271,9.55537108451391,3354.04703622631,0.880858510363042,0.661654262523041,-0.455663532798305,0.537739845526831,"Miocene-Eocene",423726.513348909,5298101.92779522
"200","H-HS-1",15,30,0.253011503751609,"HOH",0.486864274512056,6,0.00406509027548271,9.55537108451391,3354.04703622631,0.880858510363042,0.661654262523041,-0.455663532798305,0.537739845526831,"Miocene-Eocene",423726.513348909,5298101.92779522
"201","H-HS-1",30,60,0.115201610232453,"HOH",0.486864274512056,6,0.00406509027548271,9.55537108451391,3354.04703622631,0.880858510363042,0.661654262523041,-0.455663532798305,0.537739845526831,"Miocene-Eocene",423726.513348909,5298101.92779522
"202","H-HS-1",60,100,0.118724750323468,"HOH",0.486864274512056,6,0.00406509027548271,9.55537108451391,3354.04703622631,0.880858510363042,0.661654262523041,-0.455663532798305,0.537739845526831,"Miocene-Eocene",423726.513348909,5298101.92779522
"203","H-HS-2",0,15,0.101903479919513,"HOH",0.493769476520833,2,0.0854742094492312,9.23133023831915,3531.25817430052,0.879331456350188,0.646295145723262,-0.46277397323163,0.552022271347053,"Miocene-Eocene",422263.692598882,5293454.88558168
"204","H-HS-2",15,30,0.0543983262279273,"HOH",0.493769476520833,2,0.0854742094492312,9.23133023831915,3531.25817430052,0.879331456350188,0.646295145723262,-0.46277397323163,0.552022271347053,"Miocene-Eocene",422263.692598882,5293454.88558168
"205","H-HS-2",30,60,0.0463548568606712,"HOH",0.493769476520833,2,0.0854742094492312,9.23133023831915,3531.25817430052,0.879331456350188,0.646295145723262,-0.46277397323163,0.552022271347053,"Miocene-Eocene",422263.692598882,5293454.88558168
"206","H-W-06-TNC",0,15,0.459452018986747,"HOH",0.344600665766411,10,0.589694706249787,10.1130241018742,2689.53474060322,0.905713254883866,0.746485254845437,-0.540587881604627,0.662158515206153,"Quaternary",395548.080581696,5288503.42594714
"207","H-W-06-TNC",15,30,0.0704856260327432,"HOH",0.344600665766411,10,0.589694706249787,10.1130241018742,2689.53474060322,0.905713254883866,0.746485254845437,-0.540587881604627,0.662158515206153,"Quaternary",395548.080581696,5288503.42594714
"208","H-W-06-TNC",30,60,0.0120257012212494,"HOH",0.344600665766411,10,0.589694706249787,10.1130241018742,2689.53474060322,0.905713254883866,0.746485254845437,-0.540587881604627,0.662158515206153,"Quaternary",395548.080581696,5288503.42594714
"209","H-W-06-TNC",60,100,0.0125234201612971,"HOH",0.344600665766411,10,0.589694706249787,10.1130241018742,2689.53474060322,0.905713254883866,0.746485254845437,-0.540587881604627,0.662158515206153,"Quaternary",395548.080581696,5288503.42594714
"210","H-W-08-TNC",0,15,0.410428590456721,"HOH",0.425475957484963,10,0.202032416697378,10.130757257396,2679.38585313254,0.867540130275383,0.652376978955276,-0.479474396913728,0.496969651049742,"Pleistocene",395328.723921784,5288234.63607727
"211","H-W-08-TNC",15,30,0.420121101563904,"HOH",0.425475957484963,10,0.202032416697378,10.130757257396,2679.38585313254,0.867540130275383,0.652376978955276,-0.479474396913728,0.496969651049742,"Pleistocene",395328.723921784,5288234.63607727
"212","H-W-08-TNC",30,60,0.645418341429995,"HOH",0.425475957484963,10,0.202032416697378,10.130757257396,2679.38585313254,0.867540130275383,0.652376978955276,-0.479474396913728,0.496969651049742,"Pleistocene",395328.723921784,5288234.63607727
"213","H-W-08-TNC",60,100,0.521385909840825,"HOH",0.425475957484963,10,0.202032416697378,10.130757257396,2679.38585313254,0.867540130275383,0.652376978955276,-0.479474396913728,0.496969651049742,"Pleistocene",395328.723921784,5288234.63607727
"214","H-W-11-2020",0,15,0.780791089657383,"HOH",0.551797103790604,9,0.629621689892517,10.141066804898,3000.39260203752,0.910274710890573,0.702795212401822,-0.473454103281845,0.533737527324518,"Pleistocene",404101.933419577,5287830.66791253
"215","H-W-11-2020",15,30,0.586859120227653,"HOH",0.551797103790604,9,0.629621689892517,10.141066804898,3000.39260203752,0.910274710890573,0.702795212401822,-0.473454103281845,0.533737527324518,"Pleistocene",404101.933419577,5287830.66791253
"216","H-W-11-2020",30,60,0.77873643785083,"HOH",0.551797103790604,9,0.629621689892517,10.141066804898,3000.39260203752,0.910274710890573,0.702795212401822,-0.473454103281845,0.533737527324518,"Pleistocene",404101.933419577,5287830.66791253
"217","H-W-11-2020",60,100,0.327999572676395,"HOH",0.551797103790604,9,0.629621689892517,10.141066804898,3000.39260203752,0.910274710890573,0.702795212401822,-0.473454103281845,0.533737527324518,"Pleistocene",404101.933419577,5287830.66791253
"218","H-W-13-2020",0,15,1.32715312058612,"HOH",0.622034891443747,9,0.369367099452598,10.1422604358124,2885.31677195606,0.865251889451129,0.659355998948594,-0.437500181023497,0.424198820790341,"Pleistocene",402375.786733927,5288161.05067186
"219","H-W-13-2020",15,30,2.91792672073774,"HOH",0.622034891443747,9,0.369367099452598,10.1422604358124,2885.31677195606,0.865251889451129,0.659355998948594,-0.437500181023497,0.424198820790341,"Pleistocene",402375.786733927,5288161.05067186
"220","H-W-13-2020",30,60,1.56643759261388,"HOH",0.622034891443747,9,0.369367099452598,10.1422604358124,2885.31677195606,0.865251889451129,0.659355998948594,-0.437500181023497,0.424198820790341,"Pleistocene",402375.786733927,5288161.05067186
"221","H-W-13-2020",60,100,0.31927914131894,"HOH",0.622034891443747,9,0.369367099452598,10.1422604358124,2885.31677195606,0.865251889451129,0.659355998948594,-0.437500181023497,0.424198820790341,"Pleistocene",402375.786733927,5288161.05067186
"222","H-W-15-2020",0,15,0.542232432656405,"HOH",0.47702181354847,9,0.367821257254524,10.1110740405567,2807.46677280771,0.802532260857619,0.604154609221752,-0.424193387744644,0.454600162119986,"Pleistocene",396867.91569028,5283648.94015874
"223","H-W-15-2020",15,30,1.08222673321022,"HOH",0.47702181354847,9,0.367821257254524,10.1110740405567,2807.46677280771,0.802532260857619,0.604154609221752,-0.424193387744644,0.454600162119986,"Pleistocene",396867.91569028,5283648.94015874
"224","H-W-15-2020",30,60,0.497378470116839,"HOH",0.47702181354847,9,0.367821257254524,10.1110740405567,2807.46677280771,0.802532260857619,0.604154609221752,-0.424193387744644,0.454600162119986,"Pleistocene",396867.91569028,5283648.94015874
"225","H-W-15-2020",60,100,0.13730024256869,"HOH",0.47702181354847,9,0.367821257254524,10.1110740405567,2807.46677280771,0.802532260857619,0.604154609221752,-0.424193387744644,0.454600162119986,"Pleistocene",396867.91569028,5283648.94015874
"226","H-W-22-2020",0,15,0.3406056603934,"HOH",0.538859747205616,9,0.330028527796267,10.1352759995914,2932.14063698665,0.84954409047126,0.650569854747936,-0.452007236386141,0.490353252479129,"Pleistocene",403182.484657091,5287873.72613382
"227","H-W-22-2020",15,30,0.541459521468762,"HOH",0.538859747205616,9,0.330028527796267,10.1352759995914,2932.14063698665,0.84954409047126,0.650569854747936,-0.452007236386141,0.490353252479129,"Pleistocene",403182.484657091,5287873.72613382
"228","H-W-22-2020",30,60,1.24793349972769,"HOH",0.538859747205616,9,0.330028527796267,10.1352759995914,2932.14063698665,0.84954409047126,0.650569854747936,-0.452007236386141,0.490353252479129,"Pleistocene",403182.484657091,5287873.72613382
"229","H-W-22-2020",60,100,0.777806889084715,"HOH",0.538859747205616,9,0.330028527796267,10.1352759995914,2932.14063698665,0.84954409047126,0.650569854747936,-0.452007236386141,0.490353252479129,"Pleistocene",403182.484657091,5287873.72613382
"230","H-W-26-2020",0,15,0.546669531692239,"HOH",0.53721709019368,6,0.105029372329839,10.1215302152833,2825.13751696043,0.900383229419844,0.674748515447259,-0.42486243549964,0.503100114290063,"Pleistocene",397209.27952581,5283727.44926314
"231","H-W-26-2020",15,30,0.684564781091667,"HOH",0.53721709019368,6,0.105029372329839,10.1215302152833,2825.13751696043,0.900383229419844,0.674748515447259,-0.42486243549964,0.503100114290063,"Pleistocene",397209.27952581,5283727.44926314
"232","H-W-26-2020",30,60,0.327706629199932,"HOH",0.53721709019368,6,0.105029372329839,10.1215302152833,2825.13751696043,0.900383229419844,0.674748515447259,-0.42486243549964,0.503100114290063,"Pleistocene",397209.27952581,5283727.44926314
"233","H-W-26-2020",60,100,0.0469684596582583,"HOH",0.53721709019368,6,0.105029372329839,10.1215302152833,2825.13751696043,0.900383229419844,0.674748515447259,-0.42486243549964,0.503100114290063,"Pleistocene",397209.27952581,5283727.44926314
"234","Hoh-ML-FR-1008.1",0,15,0.554078211415299,"HOH",0.312422515391214,9,0.241088087623313,10.1512966147271,3070.46831940618,0.596217557719017,0.570426060740393,-0.559626320351093,0.35063698598057,"Pleistocene",410976.49803679,5294477.76829504
"235","Hoh-ML-FR-1008.1",15,30,1.04523136055709,"HOH",0.312422515391214,9,0.241088087623313,10.1512966147271,3070.46831940618,0.596217557719017,0.570426060740393,-0.559626320351093,0.35063698598057,"Pleistocene",410976.49803679,5294477.76829504
"236","Hoh-ML-FR-1008.1",30,60,0.916965866572033,"HOH",0.312422515391214,9,0.241088087623313,10.1512966147271,3070.46831940618,0.596217557719017,0.570426060740393,-0.559626320351093,0.35063698598057,"Pleistocene",410976.49803679,5294477.76829504
"237","Hoh-ML-FR-1008.1",60,100,0.462836651087834,"HOH",0.312422515391214,9,0.241088087623313,10.1512966147271,3070.46831940618,0.596217557719017,0.570426060740393,-0.559626320351093,0.35063698598057,"Pleistocene",410976.49803679,5294477.76829504
"238","Hoh-ML-NE-FR-1043",0,15,0.558261203825171,"HOH",0.619338888668911,10,0.832815260043071,9.90033198332113,3166.90915457428,0.870171563225312,0.674272048502181,-0.448613756623308,0.496995421821856,"Pleistocene",416832.584994273,5293245.73471265
"239","Hoh-ML-NE-FR-1043",15,30,1.63212261495892,"HOH",0.619338888668911,10,0.832815260043071,9.90033198332113,3166.90915457428,0.870171563225312,0.674272048502181,-0.448613756623308,0.496995421821856,"Pleistocene",416832.584994273,5293245.73471265
"240","Hoh-ML-NE-FR-1043",30,60,3.82447890831169,"HOH",0.619338888668911,10,0.832815260043071,9.90033198332113,3166.90915457428,0.870171563225312,0.674272048502181,-0.448613756623308,0.496995421821856,"Pleistocene",416832.584994273,5293245.73471265
"241","Hoh-ML-NE-FR-1043",60,100,3.15755257176488,"HOH",0.619338888668911,10,0.832815260043071,9.90033198332113,3166.90915457428,0.870171563225312,0.674272048502181,-0.448613756623308,0.496995421821856,"Pleistocene",416832.584994273,5293245.73471265
"242","MC_S13",0,15,0.481770545229927,"MAS",0.416506171135001,9,0.708744435782569,8.72249933583203,1696.8877915966,0.878054356661943,0.677570358143407,-0.47417004725934,0.444582880498249,"Pleistocene",565639.97306655,5186268.73721346
"243","MC_S13",15,30,0.407084688759073,"MAS",0.416506171135001,9,0.708744435782569,8.72249933583203,1696.8877915966,0.878054356661943,0.677570358143407,-0.47417004725934,0.444582880498249,"Pleistocene",565639.97306655,5186268.73721346
"244","MC_S13",30,60,0.0599917957184763,"MAS",0.416506171135001,9,0.708744435782569,8.72249933583203,1696.8877915966,0.878054356661943,0.677570358143407,-0.47417004725934,0.444582880498249,"Pleistocene",565639.97306655,5186268.73721346
"245","MC_S13",60,100,0.0360207134380912,"MAS",0.416506171135001,9,0.708744435782569,8.72249933583203,1696.8877915966,0.878054356661943,0.677570358143407,-0.47417004725934,0.444582880498249,"Pleistocene",565639.97306655,5186268.73721346
"246","MC_S17",0,15,1.05654321194253,"MAS",0.344015912420156,3,0.490245860315323,8.48352258696631,1737.72205244278,0.835990878267572,0.618203447678888,-0.467208789685942,0.457375064425785,"Oligocene-Eocene",567190.937972011,5184713.57681725
"247","MC_S17",15,30,0.402930280453187,"MAS",0.344015912420156,3,0.490245860315323,8.48352258696631,1737.72205244278,0.835990878267572,0.618203447678888,-0.467208789685942,0.457375064425785,"Oligocene-Eocene",567190.937972011,5184713.57681725
"248","MC_S17",30,60,0.225591944839301,"MAS",0.344015912420156,3,0.490245860315323,8.48352258696631,1737.72205244278,0.835990878267572,0.618203447678888,-0.467208789685942,0.457375064425785,"Oligocene-Eocene",567190.937972011,5184713.57681725
"249","MC_S17",60,100,0.288093509863128,"MAS",0.344015912420156,3,0.490245860315323,8.48352258696631,1737.72205244278,0.835990878267572,0.618203447678888,-0.467208789685942,0.457375064425785,"Oligocene-Eocene",567190.937972011,5184713.57681725
"250","MC_S2",0,15,1.77473629090045,"MAS",0.424020823563089,10,0.957677211367076,8.75313393886386,1739.52303060389,0.900643006543858,0.733591724306699,-0.521088610910805,0.656362738901675,"Pleistocene",565496.050552057,5185534.33523062
"251","MC_S2",15,30,3.30232104962975,"MAS",0.424020823563089,10,0.957677211367076,8.75313393886386,1739.52303060389,0.900643006543858,0.733591724306699,-0.521088610910805,0.656362738901675,"Pleistocene",565496.050552057,5185534.33523062
"252","MC_S2",30,60,1.85266821590347,"MAS",0.424020823563089,10,0.957677211367076,8.75313393886386,1739.52303060389,0.900643006543858,0.733591724306699,-0.521088610910805,0.656362738901675,"Pleistocene",565496.050552057,5185534.33523062
"253","MC_S2",60,100,1.43557790239286,"MAS",0.424020823563089,10,0.957677211367076,8.75313393886386,1739.52303060389,0.900643006543858,0.733591724306699,-0.521088610910805,0.656362738901675,"Pleistocene",565496.050552057,5185534.33523062
"254","MC_S21",0,15,0.745038196556449,"MAS",0.401599772650671,9,0.3912233266209,8.69137293082522,1708.20574322685,0.864888971628421,0.668999579197495,-0.477784975379044,0.388544843818815,"Pleistocene",563959.292159727,5186742.11074546
"255","MC_S21",15,30,0.993936964355254,"MAS",0.401599772650671,9,0.3912233266209,8.69137293082522,1708.20574322685,0.864888971628421,0.668999579197495,-0.477784975379044,0.388544843818815,"Pleistocene",563959.292159727,5186742.11074546
"256","MC_S21",30,60,0.752003400839582,"MAS",0.401599772650671,9,0.3912233266209,8.69137293082522,1708.20574322685,0.864888971628421,0.668999579197495,-0.477784975379044,0.388544843818815,"Pleistocene",563959.292159727,5186742.11074546
"257","MC_S21",60,100,0.430091161985371,"MAS",0.401599772650671,9,0.3912233266209,8.69137293082522,1708.20574322685,0.864888971628421,0.668999579197495,-0.477784975379044,0.388544843818815,"Pleistocene",563959.292159727,5186742.11074546
"258","MC_S5",0,15,0.636772688545136,"MAS",0.418038681816416,9,0.785894174594152,8.70164048262287,1696.39236727338,0.883618974318673,0.694630876154284,-0.493462510627518,0.50367591424432,"Pleistocene",564893.407000484,5186502.87990033
"259","MC_S5",15,30,1.56257054203722,"MAS",0.418038681816416,9,0.785894174594152,8.70164048262287,1696.39236727338,0.883618974318673,0.694630876154284,-0.493462510627518,0.50367591424432,"Pleistocene",564893.407000484,5186502.87990033
"260","MC_S5",30,60,2.3896685339014,"MAS",0.418038681816416,9,0.785894174594152,8.70164048262287,1696.39236727338,0.883618974318673,0.694630876154284,-0.493462510627518,0.50367591424432,"Pleistocene",564893.407000484,5186502.87990033
"261","MC_S5",60,100,0.898300832503553,"MAS",0.418038681816416,9,0.785894174594152,8.70164048262287,1696.39236727338,0.883618974318673,0.694630876154284,-0.493462510627518,0.50367591424432,"Pleistocene",564893.407000484,5186502.87990033
"262","MCN_S04",0,15,0.39652051112627,"MAS",0.372036333967447,10,0.762964206290102,8.99091862130048,1610.47323042947,0.878108484013057,0.688184053638172,-0.527300870135975,0.544011221974911,"Pleistocene",564671.641110678,5187939.68481581
"263","MCN_S04",15,30,0.401413113679406,"MAS",0.372036333967447,10,0.762964206290102,8.99091862130048,1610.47323042947,0.878108484013057,0.688184053638172,-0.527300870135975,0.544011221974911,"Pleistocene",564671.641110678,5187939.68481581
"264","MCN_S04",30,60,0.764905677285551,"MAS",0.372036333967447,10,0.762964206290102,8.99091862130048,1610.47323042947,0.878108484013057,0.688184053638172,-0.527300870135975,0.544011221974911,"Pleistocene",564671.641110678,5187939.68481581
"265","MCN_S04",60,100,0.943635068805733,"MAS",0.372036333967447,10,0.762964206290102,8.99091862130048,1610.47323042947,0.878108484013057,0.688184053638172,-0.527300870135975,0.544011221974911,"Pleistocene",564671.641110678,5187939.68481581
"266","MCN_S07",0,15,0.551812480406283,"MAS",0.391866275229865,9,0.796514608609197,8.81278230118762,1651.88486740732,0.888356472212643,0.70530277361692,-0.51001292869834,0.557174977825394,"Pleistocene",565662.408024508,5187464.80279472
"267","MCN_S07",15,30,0.198491161440155,"MAS",0.391866275229865,9,0.796514608609197,8.81278230118762,1651.88486740732,0.888356472212643,0.70530277361692,-0.51001292869834,0.557174977825394,"Pleistocene",565662.408024508,5187464.80279472
"268","MCN_S07",30,60,0.0396806081139196,"MAS",0.391866275229865,9,0.796514608609197,8.81278230118762,1651.88486740732,0.888356472212643,0.70530277361692,-0.51001292869834,0.557174977825394,"Pleistocene",565662.408024508,5187464.80279472
"269","MCN_S11",0,15,0.192136502188265,"MAS",0.401663230513478,10,0.751967948430684,8.97319486540805,1597.91228721508,0.893891553431237,0.686116182088229,-0.474824970021461,0.539902254140102,"Pleistocene",564434.036569354,5188165.06231798
"270","MCN_S11",15,30,0.393581366063278,"MAS",0.401663230513478,10,0.751967948430684,8.97319486540805,1597.91228721508,0.893891553431237,0.686116182088229,-0.474824970021461,0.539902254140102,"Pleistocene",564434.036569354,5188165.06231798
"271","MCN_S11",30,60,0.42894899154046,"MAS",0.401663230513478,10,0.751967948430684,8.97319486540805,1597.91228721508,0.893891553431237,0.686116182088229,-0.474824970021461,0.539902254140102,"Pleistocene",564434.036569354,5188165.06231798
"272","MCN_S11",60,100,0.115926482058268,"MAS",0.401663230513478,10,0.751967948430684,8.97319486540805,1597.91228721508,0.893891553431237,0.686116182088229,-0.474824970021461,0.539902254140102,"Pleistocene",564434.036569354,5188165.06231798
"273","MCN_S13_R3_Rep12",0,15,0.424273015467689,"MAS",0.377154013730435,9,0.664747827059551,9.56586742469195,1442.88123962604,0.88190668141796,0.692602075990708,-0.495613324781834,0.549230036428034,"Pleistocene",561482.380516009,5191029.75252605
"274","MCN_S13_R3_Rep12",15,30,0.202655340941156,"MAS",0.377154013730435,9,0.664747827059551,9.56586742469195,1442.88123962604,0.88190668141796,0.692602075990708,-0.495613324781834,0.549230036428034,"Pleistocene",561482.380516009,5191029.75252605
"275","MCN_S13_R3_Rep12",30,60,0.164340661866242,"MAS",0.377154013730435,9,0.664747827059551,9.56586742469195,1442.88123962604,0.88190668141796,0.692602075990708,-0.495613324781834,0.549230036428034,"Pleistocene",561482.380516009,5191029.75252605
"276","MCN_S13_R3_Rep12",60,100,0.0435932344818632,"MAS",0.377154013730435,9,0.664747827059551,9.56586742469195,1442.88123962604,0.88190668141796,0.692602075990708,-0.495613324781834,0.549230036428034,"Pleistocene",561482.380516009,5191029.75252605
"277","MCN_S18",0,15,0.383251229840504,"MAS",0.375808801116294,10,0.390193397720934,8.57677181501586,1681.93223293885,0.873791654499899,0.671729394398805,-0.474667388970602,0.445993635097361,"Oligocene-Eocene",567208.522552978,5188123.98764218
"278","MCN_S18",15,30,0.255715989533375,"MAS",0.375808801116294,10,0.390193397720934,8.57677181501586,1681.93223293885,0.873791654499899,0.671729394398805,-0.474667388970602,0.445993635097361,"Oligocene-Eocene",567208.522552978,5188123.98764218
"279","MCN_S18",30,60,0.162185154398665,"MAS",0.375808801116294,10,0.390193397720934,8.57677181501586,1681.93223293885,0.873791654499899,0.671729394398805,-0.474667388970602,0.445993635097361,"Oligocene-Eocene",567208.522552978,5188123.98764218
"280","MCN_S20",0,15,0.846380827942392,"MAS",0.428124324548405,9,0.403948766022116,9.29890143833716,1567.32959352701,0.894254123201508,0.726925537889188,-0.522323054019765,0.634587912102303,"Pleistocene",563078.104572431,5188705.07800694
"281","MCN_S20",15,30,0.375880341981343,"MAS",0.428124324548405,9,0.403948766022116,9.29890143833716,1567.32959352701,0.894254123201508,0.726925537889188,-0.522323054019765,0.634587912102303,"Pleistocene",563078.104572431,5188705.07800694
"282","MCN_S20",30,60,0.256184076446107,"MAS",0.428124324548405,9,0.403948766022116,9.29890143833716,1567.32959352701,0.894254123201508,0.726925537889188,-0.522323054019765,0.634587912102303,"Pleistocene",563078.104572431,5188705.07800694
"283","MCN_S20",60,100,0.229708673737174,"MAS",0.428124324548405,9,0.403948766022116,9.29890143833716,1567.32959352701,0.894254123201508,0.726925537889188,-0.522323054019765,0.634587912102303,"Pleistocene",563078.104572431,5188705.07800694
"284","MCN_S27",0,15,0.283205341555187,"MAS",0.387905615306312,10,0.12778088573526,9.22325151885146,1546.64660392261,0.904677961944394,0.720172939492686,-0.509739259385166,0.638434740815808,"Pleistocene",563155.238197583,5189329.35915348
"285","MCN_S27",15,30,0.230198587138402,"MAS",0.387905615306312,10,0.12778088573526,9.22325151885146,1546.64660392261,0.904677961944394,0.720172939492686,-0.509739259385166,0.638434740815808,"Pleistocene",563155.238197583,5189329.35915348
"286","MCN_S27",30,60,0.291923459997179,"MAS",0.387905615306312,10,0.12778088573526,9.22325151885146,1546.64660392261,0.904677961944394,0.720172939492686,-0.509739259385166,0.638434740815808,"Pleistocene",563155.238197583,5189329.35915348
"287","MCN_S27",60,100,0.137779480738791,"MAS",0.387905615306312,10,0.12778088573526,9.22325151885146,1546.64660392261,0.904677961944394,0.720172939492686,-0.509739259385166,0.638434740815808,"Pleistocene",563155.238197583,5189329.35915348
"288","MCN_S9",0,15,0.304093954875422,"MAS",0.384458630642844,10,0.818770552840429,9.41362955780485,1528.72079739583,0.901415904874773,0.689240582121218,-0.495157381760253,0.528103944145643,"Pleistocene",562221.014343174,5189239.89173705
"289","MCN_S9",15,30,0.389874205924743,"MAS",0.384458630642844,10,0.818770552840429,9.41362955780485,1528.72079739583,0.901415904874773,0.689240582121218,-0.495157381760253,0.528103944145643,"Pleistocene",562221.014343174,5189239.89173705
"290","MCN_S9",30,60,0.188507471808274,"MAS",0.384458630642844,10,0.818770552840429,9.41362955780485,1528.72079739583,0.901415904874773,0.689240582121218,-0.495157381760253,0.528103944145643,"Pleistocene",562221.014343174,5189239.89173705
"291","MCN_S9",60,100,0.145021945390945,"MAS",0.384458630642844,10,0.818770552840429,9.41362955780485,1528.72079739583,0.901415904874773,0.689240582121218,-0.495157381760253,0.528103944145643,"Pleistocene",562221.014343174,5189239.89173705
"292","MCS_S1",0,15,1.32679494458064,"MAS",0.554472575778592,2,0.858258176145327,7.58756907144876,1973.06374808907,0.882571570221982,0.661529697345432,-0.398041566544952,0.530275747157725,"Oligocene-Eocene",565652.956318367,5181095.42990764
"293","MCS_S1",15,30,1.10800039504941,"MAS",0.554472575778592,2,0.858258176145327,7.58756907144876,1973.06374808907,0.882571570221982,0.661529697345432,-0.398041566544952,0.530275747157725,"Oligocene-Eocene",565652.956318367,5181095.42990764
"294","MCS_S1",30,60,1.40782132442772,"MAS",0.554472575778592,2,0.858258176145327,7.58756907144876,1973.06374808907,0.882571570221982,0.661529697345432,-0.398041566544952,0.530275747157725,"Oligocene-Eocene",565652.956318367,5181095.42990764
"295","MCS_S1",60,100,0.973292742728541,"MAS",0.554472575778592,2,0.858258176145327,7.58756907144876,1973.06374808907,0.882571570221982,0.661529697345432,-0.398041566544952,0.530275747157725,"Oligocene-Eocene",565652.956318367,5181095.42990764
"296","MCS_S10",0,15,0.352430177453326,"MAS",0.499851542857547,2,0.847582979569116,7.41129480949324,2041.60278629291,0.888675468395028,0.729110183792047,-0.527577327381197,0.552631695517322,"Oligocene-Eocene",564475.942894256,5182331.48539138
"297","MCS_S10",15,30,0.263335223414803,"MAS",0.499851542857547,2,0.847582979569116,7.41129480949324,2041.60278629291,0.888675468395028,0.729110183792047,-0.527577327381197,0.552631695517322,"Oligocene-Eocene",564475.942894256,5182331.48539138
"298","MCS_S10",30,60,0.0658680564677296,"MAS",0.499851542857547,2,0.847582979569116,7.41129480949324,2041.60278629291,0.888675468395028,0.729110183792047,-0.527577327381197,0.552631695517322,"Oligocene-Eocene",564475.942894256,5182331.48539138
"299","MCS_S10",60,100,0.370169926543731,"MAS",0.499851542857547,2,0.847582979569116,7.41129480949324,2041.60278629291,0.888675468395028,0.729110183792047,-0.527577327381197,0.552631695517322,"Oligocene-Eocene",564475.942894256,5182331.48539138
"300","MCS_S23",0,15,0.638892544060592,"MAS",0.503749478766258,2,0.171124276799021,7.58172434902181,2006.4225156842,0.88942816969377,0.67371490972176,-0.460606282608305,0.544104531050752,"Oligocene-Eocene",564962.239814362,5181315.96129538
"301","MCS_S23",15,30,0.60395044525277,"MAS",0.503749478766258,2,0.171124276799021,7.58172434902181,2006.4225156842,0.88942816969377,0.67371490972176,-0.460606282608305,0.544104531050752,"Oligocene-Eocene",564962.239814362,5181315.96129538
"302","MCS_S23",30,60,0.231282665187691,"MAS",0.503749478766258,2,0.171124276799021,7.58172434902181,2006.4225156842,0.88942816969377,0.67371490972176,-0.460606282608305,0.544104531050752,"Oligocene-Eocene",564962.239814362,5181315.96129538
"303","MCS_S23",60,100,0.130310496129124,"MAS",0.503749478766258,2,0.171124276799021,7.58172434902181,2006.4225156842,0.88942816969377,0.67371490972176,-0.460606282608305,0.544104531050752,"Oligocene-Eocene",564962.239814362,5181315.96129538
"304","MCS_S3",0,15,0.564945684518841,"MAS",0.493025265627374,2,0.841413638850385,7.46177392464243,1983.03076012929,0.895299415789439,0.67872264801164,-0.436054638033044,0.463790178598405,"Oligocene-Eocene",565345.111638281,5181798.33032322
"305","MCS_S3",15,30,0.889016025900956,"MAS",0.493025265627374,2,0.841413638850385,7.46177392464243,1983.03076012929,0.895299415789439,0.67872264801164,-0.436054638033044,0.463790178598405,"Oligocene-Eocene",565345.111638281,5181798.33032322
"306","MCS_S3",30,60,0.612403335895467,"MAS",0.493025265627374,2,0.841413638850385,7.46177392464243,1983.03076012929,0.895299415789439,0.67872264801164,-0.436054638033044,0.463790178598405,"Oligocene-Eocene",565345.111638281,5181798.33032322
"307","MCS_S3",60,100,0.20431764219014,"MAS",0.493025265627374,2,0.841413638850385,7.46177392464243,1983.03076012929,0.895299415789439,0.67872264801164,-0.436054638033044,0.463790178598405,"Oligocene-Eocene",565345.111638281,5181798.33032322
"308","MCSE_S14",0,15,0.451024731756852,"MAS",0.421567551953589,5,0.3601007911129,8.02785839457279,1839.9073870934,0.883803631756599,0.699477552304502,-0.518709335816528,0.490171965958595,"Oligocene-Eocene",570318.709073652,5182691.63915695
"309","MCSE_S14",15,30,0.312981209227584,"MAS",0.421567551953589,5,0.3601007911129,8.02785839457279,1839.9073870934,0.883803631756599,0.699477552304502,-0.518709335816528,0.490171965958595,"Oligocene-Eocene",570318.709073652,5182691.63915695
"310","MCSE_S14",30,60,0.165423650087515,"MAS",0.421567551953589,5,0.3601007911129,8.02785839457279,1839.9073870934,0.883803631756599,0.699477552304502,-0.518709335816528,0.490171965958595,"Oligocene-Eocene",570318.709073652,5182691.63915695
"311","MCSE_S14",60,100,0.22658109324061,"MAS",0.421567551953589,5,0.3601007911129,8.02785839457279,1839.9073870934,0.883803631756599,0.699477552304502,-0.518709335816528,0.490171965958595,"Oligocene-Eocene",570318.709073652,5182691.63915695
"312","MCSE_S15",0,15,1.24619270331504,"MAS",0.446312078754115,3,0.4927219935974,8.42179221654159,1770.78293030235,0.891295392486547,0.732606790779579,-0.550178006836732,0.536380454698146,"Oligocene-Eocene",568622.344459892,5183512.40440794
"313","MCSE_S15",15,30,0.582146299097924,"MAS",0.446312078754115,3,0.4927219935974,8.42179221654159,1770.78293030235,0.891295392486547,0.732606790779579,-0.550178006836732,0.536380454698146,"Oligocene-Eocene",568622.344459892,5183512.40440794
"314","MCSE_S15",30,60,0.26482086039359,"MAS",0.446312078754115,3,0.4927219935974,8.42179221654159,1770.78293030235,0.891295392486547,0.732606790779579,-0.550178006836732,0.536380454698146,"Oligocene-Eocene",568622.344459892,5183512.40440794
"315","MCSE_S15",60,100,0.177390127571268,"MAS",0.446312078754115,3,0.4927219935974,8.42179221654159,1770.78293030235,0.891295392486547,0.732606790779579,-0.550178006836732,0.536380454698146,"Oligocene-Eocene",568622.344459892,5183512.40440794
"316","MCSE_S16",0,15,1.094799722463,"MAS",0.425254851757392,5,0.270224409684023,8.37465968203294,1833.87919322403,0.894192891145222,0.739963482241946,-0.555175319876176,0.513949223697949,"Oligocene-Eocene",569827.036660613,5181325.14114234
"317","MCSE_S16",15,30,0.436228752996641,"MAS",0.425254851757392,5,0.270224409684023,8.37465968203294,1833.87919322403,0.894192891145222,0.739963482241946,-0.555175319876176,0.513949223697949,"Oligocene-Eocene",569827.036660613,5181325.14114234
"318","MCSE_S16",30,60,0.380336902742738,"MAS",0.425254851757392,5,0.270224409684023,8.37465968203294,1833.87919322403,0.894192891145222,0.739963482241946,-0.555175319876176,0.513949223697949,"Oligocene-Eocene",569827.036660613,5181325.14114234
"319","MCSE_S16",60,100,0.356687872335842,"MAS",0.425254851757392,5,0.270224409684023,8.37465968203294,1833.87919322403,0.894192891145222,0.739963482241946,-0.555175319876176,0.513949223697949,"Oligocene-Eocene",569827.036660613,5181325.14114234
"320","MCSE_S24",0,15,0.355014235628881,"MAS",0.424772796564987,9,0.139783411996502,8.3938078061335,1779.00842145026,0.878613975915368,0.680306766314638,-0.484878689045967,0.48106260601423,"Oligocene-Eocene",569039.65505882,5183816.04000355
"321","MCSE_S24",15,30,0.270048680575107,"MAS",0.424772796564987,9,0.139783411996502,8.3938078061335,1779.00842145026,0.878613975915368,0.680306766314638,-0.484878689045967,0.48106260601423,"Oligocene-Eocene",569039.65505882,5183816.04000355
"322","MCSE_S24",30,60,0.376531869748493,"MAS",0.424772796564987,9,0.139783411996502,8.3938078061335,1779.00842145026,0.878613975915368,0.680306766314638,-0.484878689045967,0.48106260601423,"Oligocene-Eocene",569039.65505882,5183816.04000355
"323","MCSE_S24",60,100,0.34838489899289,"MAS",0.424772796564987,9,0.139783411996502,8.3938078061335,1779.00842145026,0.878613975915368,0.680306766314638,-0.484878689045967,0.48106260601423,"Oligocene-Eocene",569039.65505882,5183816.04000355
"324","MCSE_S8",0,15,0.447745704721139,"MAS",0.412126066072105,10,0.871959099146905,8.48812209632128,1734.52559748485,0.886773985750338,0.721486328333499,-0.534390227207679,0.562045056831273,"Pleistocene",568342.047102722,5185278.60394534
"325","MCSE_S8",15,30,0.543881591475388,"MAS",0.412126066072105,10,0.871959099146905,8.48812209632128,1734.52559748485,0.886773985750338,0.721486328333499,-0.534390227207679,0.562045056831273,"Pleistocene",568342.047102722,5185278.60394534
"326","MCSE_S8",30,60,0.19573507408449,"MAS",0.412126066072105,10,0.871959099146905,8.48812209632128,1734.52559748485,0.886773985750338,0.721486328333499,-0.534390227207679,0.562045056831273,"Pleistocene",568342.047102722,5185278.60394534
"327","MCSE_S8",60,100,0.119339723332035,"MAS",0.412126066072105,10,0.871959099146905,8.48812209632128,1734.52559748485,0.886773985750338,0.721486328333499,-0.534390227207679,0.562045056831273,"Pleistocene",568342.047102722,5185278.60394534
"328","ME_S25",0,15,0.180395316880506,"MAS",0.344121698462881,10,0.149240325252514,7.8343839199521,1795.85608239091,0.848500018505221,0.630666145017492,-0.503378915819035,0.453349518866552,"Eocene",572081.768064982,5186691.85659857
"329","ME_S25",15,30,0.112262672446156,"MAS",0.344121698462881,10,0.149240325252514,7.8343839199521,1795.85608239091,0.848500018505221,0.630666145017492,-0.503378915819035,0.453349518866552,"Eocene",572081.768064982,5186691.85659857
"330","ME_S25",30,60,0.129890238670772,"MAS",0.344121698462881,10,0.149240325252514,7.8343839199521,1795.85608239091,0.848500018505221,0.630666145017492,-0.503378915819035,0.453349518866552,"Eocene",572081.768064982,5186691.85659857
"331","ME_S25",60,100,0.103329232513737,"MAS",0.344121698462881,10,0.149240325252514,7.8343839199521,1795.85608239091,0.848500018505221,0.630666145017492,-0.503378915819035,0.453349518866552,"Eocene",572081.768064982,5186691.85659857
"332","ME_S29",0,15,0.425590851502158,"MAS",0.583869357476882,3,0.00562620168046449,5.85138713682439,2088.89800503378,0.904826287645698,0.63280856226381,-0.387947898145244,0.379882180639712,"Eocene",576486.791344739,5182890.70519676
"333","ME_S29",15,30,0.702987434738193,"MAS",0.583869357476882,3,0.00562620168046449,5.85138713682439,2088.89800503378,0.904826287645698,0.63280856226381,-0.387947898145244,0.379882180639712,"Eocene",576486.791344739,5182890.70519676
"334","ME_S29",30,60,1.18345175013418,"MAS",0.583869357476882,3,0.00562620168046449,5.85138713682439,2088.89800503378,0.904826287645698,0.63280856226381,-0.387947898145244,0.379882180639712,"Eocene",576486.791344739,5182890.70519676
"335","ME_S29",60,100,0.37458609774289,"MAS",0.583869357476882,3,0.00562620168046449,5.85138713682439,2088.89800503378,0.904826287645698,0.63280856226381,-0.387947898145244,0.379882180639712,"Eocene",576486.791344739,5182890.70519676
"336","ME_S30",0,15,0.227776098517969,"MAS",0.456848944790489,3,0.0231033245674364,6.83064245263705,1844.0527831593,0.881618532095203,0.645636711941364,-0.435537531493745,0.494174062194883,"Oligocene-Eocene",571284.136041756,5184838.87175176
"337","ME_S30",15,30,0.238675552152956,"MAS",0.456848944790489,3,0.0231033245674364,6.83064245263705,1844.0527831593,0.881618532095203,0.645636711941364,-0.435537531493745,0.494174062194883,"Oligocene-Eocene",571284.136041756,5184838.87175176
"338","ME_S30",30,60,0.305606177542261,"MAS",0.456848944790489,3,0.0231033245674364,6.83064245263705,1844.0527831593,0.881618532095203,0.645636711941364,-0.435537531493745,0.494174062194883,"Oligocene-Eocene",571284.136041756,5184838.87175176
"339","ME_S30",60,100,0.386782266556525,"MAS",0.456848944790489,3,0.0231033245674364,6.83064245263705,1844.0527831593,0.881618532095203,0.645636711941364,-0.435537531493745,0.494174062194883,"Oligocene-Eocene",571284.136041756,5184838.87175176
"340","ME_S6",0,15,0.314332890479524,"MAS",0.455735840213748,9,0.704451654416193,6.73081120495716,1965.02924724755,0.898135677646642,0.678059014205243,-0.479853485256572,0.487476518795507,"Eocene",575000.009517361,5183867.84555109
"341","ME_S6",15,30,0.273199047467817,"MAS",0.455735840213748,9,0.704451654416193,6.73081120495716,1965.02924724755,0.898135677646642,0.678059014205243,-0.479853485256572,0.487476518795507,"Eocene",575000.009517361,5183867.84555109
"342","ME_S6",30,60,0.236272288660994,"MAS",0.455735840213748,9,0.704451654416193,6.73081120495716,1965.02924724755,0.898135677646642,0.678059014205243,-0.479853485256572,0.487476518795507,"Eocene",575000.009517361,5183867.84555109
"343","ME_S6",60,100,0.101787259702053,"MAS",0.455735840213748,9,0.704451654416193,6.73081120495716,1965.02924724755,0.898135677646642,0.678059014205243,-0.479853485256572,0.487476518795507,"Eocene",575000.009517361,5183867.84555109
"344","MN_S22",0,15,0.331284474450669,"MAS",0.392177908539465,9,0.0641540435179219,9.90928011416256,1271.32045656846,0.873960281721097,0.693330877521591,-0.50182568210266,0.525622331627715,"Pleistocene",559446.257617351,5191104.97210734
"345","MN_S22",15,30,0.331420930367763,"MAS",0.392177908539465,9,0.0641540435179219,9.90928011416256,1271.32045656846,0.873960281721097,0.693330877521591,-0.50182568210266,0.525622331627715,"Pleistocene",559446.257617351,5191104.97210734
"346","MN_S22",30,60,0.184959707867149,"MAS",0.392177908539465,9,0.0641540435179219,9.90928011416256,1271.32045656846,0.873960281721097,0.693330877521591,-0.50182568210266,0.525622331627715,"Pleistocene",559446.257617351,5191104.97210734
"347","MN_S22",60,100,0.127349670132945,"MAS",0.392177908539465,9,0.0641540435179219,9.90928011416256,1271.32045656846,0.873960281721097,0.693330877521591,-0.50182568210266,0.525622331627715,"Pleistocene",559446.257617351,5191104.97210734
"348","MW_S26",0,15,0.297918656985005,"MAS",0.417556254595657,9,0.197582909995535,9.55453323335086,1356.61823848759,0.888209623298923,0.726429563845464,-0.524445092401218,0.636087236873194,"Pleistocene",557906.135844258,5185518.54006439
"349","MW_S26",15,30,0.175070106335689,"MAS",0.417556254595657,9,0.197582909995535,9.55453323335086,1356.61823848759,0.888209623298923,0.726429563845464,-0.524445092401218,0.636087236873194,"Pleistocene",557906.135844258,5185518.54006439
"350","MW_S26",30,60,0.177823412982596,"MAS",0.417556254595657,9,0.197582909995535,9.55453323335086,1356.61823848759,0.888209623298923,0.726429563845464,-0.524445092401218,0.636087236873194,"Pleistocene",557906.135844258,5185518.54006439
"351","N-Mid-Hoh-MC",0,15,0.868941423151471,"HOH",0.385529539429488,9,0.45770610058121,10.1705149601733,3142.10872900282,0.89724286955079,0.725237689533579,-0.551148738390855,0.477510183732723,"Quaternary",415423.019543831,5296223.98184088
"352","N-Mid-Hoh-MC",15,30,0.443738952774956,"HOH",0.385529539429488,9,0.45770610058121,10.1705149601733,3142.10872900282,0.89724286955079,0.725237689533579,-0.551148738390855,0.477510183732723,"Quaternary",415423.019543831,5296223.98184088
"353","N-Mid-Hoh-MC",30,60,0.13200128533232,"HOH",0.385529539429488,9,0.45770610058121,10.1705149601733,3142.10872900282,0.89724286955079,0.725237689533579,-0.551148738390855,0.477510183732723,"Quaternary",415423.019543831,5296223.98184088
"354","N-Mid-Hoh-MC",60,100,0.0366749596902547,"HOH",0.385529539429488,9,0.45770610058121,10.1705149601733,3142.10872900282,0.89724286955079,0.725237689533579,-0.551148738390855,0.477510183732723,"Quaternary",415423.019543831,5296223.98184088
"355","N-Up-Hoh-MC",0,15,0.244009672825054,"HOH",0.414256771112515,10,0.0725336452743259,9.78991316980446,3367.85467157672,0.904779762332108,0.738983750961154,-0.552971061541295,0.703830546366095,"Pleistocene",421951.246135877,5296938.52093434
"356","N-Up-Hoh-MC",15,30,0.50668366105092,"HOH",0.414256771112515,10,0.0725336452743259,9.78991316980446,3367.85467157672,0.904779762332108,0.738983750961154,-0.552971061541295,0.703830546366095,"Pleistocene",421951.246135877,5296938.52093434
"357","N-Up-Hoh-MC",30,60,0.188135950996007,"HOH",0.414256771112515,10,0.0725336452743259,9.78991316980446,3367.85467157672,0.904779762332108,0.738983750961154,-0.552971061541295,0.703830546366095,"Pleistocene",421951.246135877,5296938.52093434
"358","N-Up-Hoh-MC",60,100,0.0697056329023199,"HOH",0.414256771112515,10,0.0725336452743259,9.78991316980446,3367.85467157672,0.904779762332108,0.738983750961154,-0.552971061541295,0.703830546366095,"Pleistocene",421951.246135877,5296938.52093434
"359","PFW_S19",0,15,0.287040947708477,"MAS",0.346130046998163,7,0.402672801484589,10.4390218121653,961.541120193565,0.844438567081924,0.68048763642255,-0.53071756721566,0.588855581190625,"Pleistocene",554253.135095561,5188733.73844892
"360","PFW_S19",15,30,0.197419739340529,"MAS",0.346130046998163,7,0.402672801484589,10.4390218121653,961.541120193565,0.844438567081924,0.68048763642255,-0.53071756721566,0.588855581190625,"Pleistocene",554253.135095561,5188733.73844892
"361","PFW_S19",30,60,0.111462341887095,"MAS",0.346130046998163,7,0.402672801484589,10.4390218121653,961.541120193565,0.844438567081924,0.68048763642255,-0.53071756721566,0.588855581190625,"Pleistocene",554253.135095561,5188733.73844892
"362","PFW_S19",60,100,0.31327128832474,"MAS",0.346130046998163,7,0.402672801484589,10.4390218121653,961.541120193565,0.844438567081924,0.68048763642255,-0.53071756721566,0.588855581190625,"Pleistocene",554253.135095561,5188733.73844892
"363","PFW_S28",0,15,0.0754012594643949,"MAS",0.377917323989425,2,0.0673171818230372,9.6517049360358,1153.38992488212,0.853932041763056,0.672615786955042,-0.503793735695297,0.464177457057662,"Oligocene-Eocene",555840.927938481,5187433.08512595
"364","PFW_S28",15,30,0.0979940286854523,"MAS",0.377917323989425,2,0.0673171818230372,9.6517049360358,1153.38992488212,0.853932041763056,0.672615786955042,-0.503793735695297,0.464177457057662,"Oligocene-Eocene",555840.927938481,5187433.08512595
"365","PFW_S28",30,60,0.0763624269355605,"MAS",0.377917323989425,2,0.0673171818230372,9.6517049360358,1153.38992488212,0.853932041763056,0.672615786955042,-0.503793735695297,0.464177457057662,"Oligocene-Eocene",555840.927938481,5187433.08512595
"366","PFW_S28",60,100,0.0120615744178094,"MAS",0.377917323989425,2,0.0673171818230372,9.6517049360358,1153.38992488212,0.853932041763056,0.672615786955042,-0.503793735695297,0.464177457057662,"Oligocene-Eocene",555840.927938481,5187433.08512595
"367","S-Hoh-ML-FR-1200",0,15,0.379853507205775,"HOH",0.580599878492274,9,0.215990600368053,10.0055476782342,3148.65385950895,0.888890449472616,0.675132970618725,-0.449828510147222,0.551731355098766,"Pleistocene",412621.201112401,5293548.61548469
"368","S-Hoh-ML-FR-1200",15,30,0.32135680506981,"HOH",0.580599878492274,9,0.215990600368053,10.0055476782342,3148.65385950895,0.888890449472616,0.675132970618725,-0.449828510147222,0.551731355098766,"Pleistocene",412621.201112401,5293548.61548469
"369","S-Hoh-ML-FR-1200",30,60,0.543143754057018,"HOH",0.580599878492274,9,0.215990600368053,10.0055476782342,3148.65385950895,0.888890449472616,0.675132970618725,-0.449828510147222,0.551731355098766,"Pleistocene",412621.201112401,5293548.61548469
"370","W Hoh Oxbow",0,15,0.229095887328491,"HOH",0.507741784808357,7,0.15858993631994,10.1152057786236,2993.01590855134,0.909672539481653,0.725645730991364,-0.494738058667702,0.672292556880092,"Pleistocene",405614.755656533,5296035.66028917
"371","W Hoh Oxbow",15,30,0.312803975141958,"HOH",0.507741784808357,7,0.15858993631994,10.1152057786236,2993.01590855134,0.909672539481653,0.725645730991364,-0.494738058667702,0.672292556880092,"Pleistocene",405614.755656533,5296035.66028917
"372","W Hoh Oxbow",30,60,0.0164043794615303,"HOH",0.507741784808357,7,0.15858993631994,10.1152057786236,2993.01590855134,0.909672539481653,0.725645730991364,-0.494738058667702,0.672292556880092,"Pleistocene",405614.755656533,5296035.66028917
