"","X","sample_ID","upper_depth","lower_depth","SOC_stock_spline","site","geomorphons","HLI","Precip","Temp","WIP","tree_canopy_cover","NDVI_median","MNDWI_median","EVI_median","SCI_median","SAVI_median","EMBI_median","DSI_median","DSWI1_median","NDYI_median","LSWI_median","ANDWI_median","LITHOLOGY","GEOLOGIC_AGE"
"1",1,"CC_S26_R3",0,30,0.163633385761882,"COL","f",0.848978221416473,628.773864746094,6.66294002532959,0.208581998944283,31.0043277740479,0.537032663822174,-0.517303943634033,0.292038589715958,0.510576963424683,0.28956064581871,0.187812149524689,0.919578790664673,1.15721559524536,0.225628048181534,0.0555638484656811,-0.538735091686249,"continental glacial outwash, Fraser-age","Pleistocene"
"2",2,"CC_S26_R3",30,100,0.0724819127480543,"COL","f",0.848978221416473,628.773864746094,6.66294002532959,0.208581998944283,31.0043277740479,0.537032663822174,-0.517303943634033,0.292038589715958,0.510576963424683,0.28956064581871,0.187812149524689,0.919578790664673,1.15721559524536,0.225628048181534,0.0555638484656811,-0.538735091686249,"continental glacial outwash, Fraser-age","Pleistocene"
"3",3,"CC_S27_R3",0,30,0.612629737539834,"COL","i",0.502378821372986,664.216674804688,6.02921533584595,0.12714672088623,56.0273551940918,0.738599717617035,-0.554326415061951,0.387203007936478,0.616341590881348,0.382943570613861,0.161748170852661,0.625278115272522,1.60680592060089,0.359540164470673,0.231429293751717,-0.642513573169708,"continental glacial outwash, Fraser-age","Pleistocene"
"4",4,"CC_S27_R3",30,100,0.368310549172617,"COL","i",0.502378821372986,664.216674804688,6.02921533584595,0.12714672088623,56.0273551940918,0.738599717617035,-0.554326415061951,0.387203007936478,0.616341590881348,0.382943570613861,0.161748170852661,0.625278115272522,1.60680592060089,0.359540164470673,0.231429293751717,-0.642513573169708,"continental glacial outwash, Fraser-age","Pleistocene"
"5",5,"CC_S3_R3",0,30,0.406818143713218,"COL","i",0.615643739700317,622.542236328125,6.85989570617676,0.88662326335907,16.9498481750488,0.760513544082642,-0.551367819309235,0.511271893978119,0.641127943992615,0.483027160167694,0.150418266654015,0.596305191516876,1.69083654880524,0.332252770662308,0.254296272993088,-0.652186989784241,"alluvium","Quaternary"
"6",6,"CC_S3_R3",30,100,0.101907171918624,"COL","i",0.615643739700317,622.542236328125,6.85989570617676,0.88662326335907,16.9498481750488,0.760513544082642,-0.551367819309235,0.511271893978119,0.641127943992615,0.483027160167694,0.150418266654015,0.596305191516876,1.69083654880524,0.332252770662308,0.254296272993088,-0.652186989784241,"alluvium","Quaternary"
"7",7,"CC_S6_R2",0,30,0.201553147336582,"COL","j",0.674413979053497,622.542236328125,6.85989570617676,0.805264294147491,24.7631721496582,0.755472362041473,-0.560211181640625,0.471073299646378,0.641609966754913,0.455516666173935,0.183279991149902,0.623776137828827,1.65268933773041,0.319585114717484,0.237694010138512,-0.65099048614502,"alluvium","Quaternary"
"8",8,"CC_S6_R2",30,100,0.0621385655663795,"COL","j",0.674413979053497,622.542236328125,6.85989570617676,0.805264294147491,24.7631721496582,0.755472362041473,-0.560211181640625,0.471073299646378,0.641609966754913,0.455516666173935,0.183279991149902,0.623776137828827,1.65268933773041,0.319585114717484,0.237694010138512,-0.65099048614502,"alluvium","Quaternary"
"9",9,"CC-07-R1",0,30,0.450964035483529,"COL","i",0.494373559951782,632.814514160156,6.884840965271,0.738847315311432,45.766674041748,0.801599264144897,-0.542501866817474,0.486036092042923,0.649361431598663,0.464745461940765,0.127319052815437,0.519649863243103,1.92594170570374,0.335349559783936,0.316215485334396,-0.671950995922089,"alluvium","Quaternary"
"10",10,"CC-07-R1",30,100,0.276814381291211,"COL","i",0.494373559951782,632.814514160156,6.884840965271,0.738847315311432,45.766674041748,0.801599264144897,-0.542501866817474,0.486036092042923,0.649361431598663,0.464745461940765,0.127319052815437,0.519649863243103,1.92594170570374,0.335349559783936,0.316215485334396,-0.671950995922089,"alluvium","Quaternary"
"11",11,"CC-09-R2",0,30,0.112237161166527,"COL","i",0.634852409362793,628.038146972656,6.59396076202393,0.682174861431122,49.4307975769043,0.718814015388489,-0.43034902215004,0.381810039281845,0.525385677814484,0.36917507648468,0.00350791634991765,0.505684971809387,1.98966777324677,0.27958345413208,0.329091817140579,-0.567786633968353,"alluvium","Quaternary"
"12",12,"CC-09-R2",30,100,0.0539822734465087,"COL","i",0.634852409362793,628.038146972656,6.59396076202393,0.682174861431122,49.4307975769043,0.718814015388489,-0.43034902215004,0.381810039281845,0.525385677814484,0.36917507648468,0.00350791634991765,0.505684971809387,1.98966777324677,0.27958345413208,0.329091817140579,-0.567786633968353,"alluvium","Quaternary"
"13",13,"CC-12-R2",0,30,0.109006702939506,"COL","i",0.520844399929047,629.329895019531,6.72249603271484,0.627801597118378,54.7372550964355,0.747629046440125,-0.509683012962341,0.327863335609436,0.621605098247528,0.327990680932999,0.110791504383087,0.618552386760712,1.70982980728149,0.310543179512024,0.246332511305809,-0.6219482421875,"orthogneiss, porphyritic","pre-Tertiary"
"14",14,"CC-12-R2",30,100,0.10845139287345,"COL","i",0.520844399929047,629.329895019531,6.72249603271484,0.627801597118378,54.7372550964355,0.747629046440125,-0.509683012962341,0.327863335609436,0.621605098247528,0.327990680932999,0.110791504383087,0.618552386760712,1.70982980728149,0.310543179512024,0.246332511305809,-0.6219482421875,"orthogneiss, porphyritic","pre-Tertiary"
"15",15,"CC-17-R1",0,30,0.0928292488018167,"COL","i",0.913518011569977,652.727966308594,6.50177001953125,0.411813080310822,62.6272163391113,0.845799922943115,-0.439957946538925,0.427740156650543,0.616365969181061,0.425675392150879,-0.0958977788686752,0.36102756857872,2.77224016189575,0.414497554302216,0.469564944505692,-0.682936549186707,"continental glacial till, Fraser-age","Pleistocene"
"16",16,"CC-17-R1",30,100,0.046572053139817,"COL","i",0.913518011569977,652.727966308594,6.50177001953125,0.411813080310822,62.6272163391113,0.845799922943115,-0.439957946538925,0.427740156650543,0.616365969181061,0.425675392150879,-0.0958977788686752,0.36102756857872,2.77224016189575,0.414497554302216,0.469564944505692,-0.682936549186707,"continental glacial till, Fraser-age","Pleistocene"
"17",17,"CC-23-R1",0,30,0.0975734584180103,"COL","f",0.577944159507751,613.88232421875,7.0543384552002,0.00486310059204698,32.518138885498,0.621715426445007,-0.537772059440613,0.34976077079773,0.53361165523529,0.347059458494186,0.193063393235207,0.756410837173462,1.32818472385406,0.263628214597702,0.139722153544426,-0.57191812992096,"continental glacial outwash, Fraser-age","Pleistocene"
"18",18,"CC-23-R1",30,100,0.0200083125866739,"COL","f",0.577944159507751,613.88232421875,7.0543384552002,0.00486310059204698,32.518138885498,0.621715426445007,-0.537772059440613,0.34976077079773,0.53361165523529,0.347059458494186,0.193063393235207,0.756410837173462,1.32818472385406,0.263628214597702,0.139722153544426,-0.57191812992096,"continental glacial outwash, Fraser-age","Pleistocene"
"19",19,"CE_S15",0,30,0.189607792076037,"COL","g",0.727444648742676,607.494079589844,7.26393032073975,0.46974328160286,45.6260566711426,0.824614763259888,-0.450088381767273,0.432685434818268,0.619745969772339,0.420597404241562,-0.0199395921081305,0.413931667804718,2.41767835617065,0.358131736516953,0.4145887196064,-0.662858605384827,"continental glacial till, Fraser-age","Pleistocene"
"20",20,"CE_S15",30,100,0.0850017069635856,"COL","g",0.727444648742676,607.494079589844,7.26393032073975,0.46974328160286,45.6260566711426,0.824614763259888,-0.450088381767273,0.432685434818268,0.619745969772339,0.420597404241562,-0.0199395921081305,0.413931667804718,2.41767835617065,0.358131736516953,0.4145887196064,-0.662858605384827,"continental glacial till, Fraser-age","Pleistocene"
"21",21,"CE-08-R2",0,30,0.336122997845485,"COL","f",0.68149745464325,665.912841796875,6.75659561157227,0.671841442584991,62.9967613220215,0.869196355342865,-0.507180631160736,0.484896391630173,0.664735317230225,0.469816774129868,-0.0198163185268641,0.36290168762207,2.76022529602051,0.40501469373703,0.467635422945023,-0.721775114536285,"continental glacial till, Fraser-age","Pleistocene"
"22",22,"CE-08-R2",30,100,0.0336132573646899,"COL","f",0.68149745464325,665.912841796875,6.75659561157227,0.671841442584991,62.9967613220215,0.869196355342865,-0.507180631160736,0.484896391630173,0.664735317230225,0.469816774129868,-0.0198163185268641,0.36290168762207,2.76022529602051,0.40501469373703,0.467635422945023,-0.721775114536285,"continental glacial till, Fraser-age","Pleistocene"
"23",23,"CE-16-R3",0,30,0.114808979936653,"COL","g",0.619006752967834,598.410827636719,7.40218591690063,0.556728363037109,43.1630363464355,0.726810038089752,-0.509067356586456,0.351410567760468,0.577686369419098,0.357576251029968,0.111985273659229,0.560319364070892,1.78511381149292,0.343241453170776,0.281824827194214,-0.61499035358429,"continental glacial outwash, Fraser-age","Pleistocene"
"24",24,"CE-16-R3",30,100,0.0105651391991966,"COL","g",0.619006752967834,598.410827636719,7.40218591690063,0.556728363037109,43.1630363464355,0.726810038089752,-0.509067356586456,0.351410567760468,0.577686369419098,0.357576251029968,0.111985273659229,0.560319364070892,1.78511381149292,0.343241453170776,0.281824827194214,-0.61499035358429,"continental glacial outwash, Fraser-age","Pleistocene"
"25",25,"CE-18-R1",0,30,0.20979199497529,"COL","i",0.729877471923828,588.9599609375,7.43289613723755,0.499529510736465,34.7850723266602,0.662840604782104,-0.535017788410187,0.3630131483078,0.560787737369537,0.35997200012207,0.174956232309341,0.701777458190918,1.43525564670563,0.262811243534088,0.176760002970695,-0.588771343231201,"continental glacial till, Fraser-age","Pleistocene"
"26",26,"CE-18-R1",30,100,0.103469203906353,"COL","i",0.729877471923828,588.9599609375,7.43289613723755,0.499529510736465,34.7850723266602,0.662840604782104,-0.535017788410187,0.3630131483078,0.560787737369537,0.35997200012207,0.174956232309341,0.701777458190918,1.43525564670563,0.262811243534088,0.176760002970695,-0.588771343231201,"continental glacial till, Fraser-age","Pleistocene"
"27",27,"CE-22-R2",0,30,0.099834076749222,"COL","f",0.956481277942657,665.912841796875,6.75659561157227,0.327313631772995,62,0.790653824806213,-0.449500560760498,0.324735701084137,0.593082427978516,0.334008663892746,0.0066462685354054,0.457982540130615,2.1840991973877,0.400874108076096,0.371797680854797,-0.638282418251038,"continental glacial till, Fraser-age","Pleistocene"
"28",28,"CE-22-R2",30,100,0.0135795950753916,"COL","f",0.956481277942657,665.912841796875,6.75659561157227,0.327313631772995,62,0.790653824806213,-0.449500560760498,0.324735701084137,0.593082427978516,0.334008663892746,0.0066462685354054,0.457982540130615,2.1840991973877,0.400874108076096,0.371797680854797,-0.638282418251038,"continental glacial till, Fraser-age","Pleistocene"
"29",29,"CNE_S1",0,30,0.479862893086173,"COL","i",0.703295886516571,628.6943359375,6.59300947189331,0.972220540046692,39.6005630493164,0.828776180744171,-0.558275520801544,0.508547306060791,0.679761648178101,0.489994138479233,0.122844018042088,0.526616096496582,1.89957106113434,0.389371007680893,0.310140132904053,-0.700540721416473,"continental glacial outwash, Fraser-age","Pleistocene"
"30",30,"CNE_S1",30,100,0.0653802397674205,"COL","i",0.703295886516571,628.6943359375,6.59300947189331,0.972220540046692,39.6005630493164,0.828776180744171,-0.558275520801544,0.508547306060791,0.679761648178101,0.489994138479233,0.122844018042088,0.526616096496582,1.89957106113434,0.389371007680893,0.310140132904053,-0.700540721416473,"continental glacial outwash, Fraser-age","Pleistocene"
"31",31,"CNE_S19",0,30,0.136904202484007,"COL","c",0.668887615203857,628.909301757812,7.25334644317627,0.394710421562195,52.5705909729004,0.755664885044098,-0.491293996572495,0.360082894563675,0.589188396930695,0.364098340272903,0.0603254325687885,0.539555072784424,1.85340690612793,0.346626371145248,0.29907900094986,-0.615672767162323,"continental glacial outwash, Fraser-age","Pleistocene"
"32",32,"CNE_S19",30,100,0.0301150232783936,"COL","c",0.668887615203857,628.909301757812,7.25334644317627,0.394710421562195,52.5705909729004,0.755664885044098,-0.491293996572495,0.360082894563675,0.589188396930695,0.364098340272903,0.0603254325687885,0.539555072784424,1.85340690612793,0.346626371145248,0.29907900094986,-0.615672767162323,"continental glacial outwash, Fraser-age","Pleistocene"
"33",33,"CNE_S20",0,30,0.206174819529566,"COL","e",0.548697650432587,662.586669921875,6.83111953735352,0.33474999666214,53.541446685791,0.813759624958038,-0.475897073745728,0.399584054946899,0.60974931716919,0.400209844112396,-0.00676358258351684,0.423461943864822,2.36735820770264,0.393600225448608,0.405325621366501,-0.66822612285614,"continental glacial till, Fraser-age","Pleistocene"
"34",34,"CNE_S20",30,100,0.054339588971576,"COL","e",0.548697650432587,662.586669921875,6.83111953735352,0.33474999666214,53.541446685791,0.813759624958038,-0.475897073745728,0.399584054946899,0.60974931716919,0.400209844112396,-0.00676358258351684,0.423461943864822,2.36735820770264,0.393600225448608,0.405325621366501,-0.66822612285614,"continental glacial till, Fraser-age","Pleistocene"
"35",35,"CNE_S24",0,30,0.08203814478519,"COL","f",0.504342496395111,639.586364746094,6.8267412185669,0.123950131237507,50.1997604370117,0.743906736373901,-0.566302955150604,0.403562247753143,0.641532003879547,0.391645342111588,0.19481386244297,0.638748466968536,1.57012701034546,0.360407531261444,0.220937967300415,-0.655630469322205,"continental glacial till, Fraser-age","Pleistocene"
"36",36,"CNE_S24",30,100,0.0154434232718508,"COL","f",0.504342496395111,639.586364746094,6.8267412185669,0.123950131237507,50.1997604370117,0.743906736373901,-0.566302955150604,0.403562247753143,0.641532003879547,0.391645342111588,0.19481386244297,0.638748466968536,1.57012701034546,0.360407531261444,0.220937967300415,-0.655630469322205,"continental glacial till, Fraser-age","Pleistocene"
"37",37,"CNE_S4",0,30,0.474001700277988,"COL","i",0.537447035312653,628.6943359375,6.59300947189331,0.90699565410614,46.6542778015137,0.847097158432007,-0.522893726825714,0.522601306438446,0.663035809993744,0.498881131410599,0.0234621167182922,0.405598789453506,2.46622228622437,0.398033678531647,0.422915905714035,-0.713110506534576,"continental glacial outwash, Fraser-age","Pleistocene"
"38",38,"CNE_S4",30,100,0.075163348461868,"COL","i",0.537447035312653,628.6943359375,6.59300947189331,0.90699565410614,46.6542778015137,0.847097158432007,-0.522893726825714,0.522601306438446,0.663035809993744,0.498881131410599,0.0234621167182922,0.405598789453506,2.46622228622437,0.398033678531647,0.422915905714035,-0.713110506534576,"continental glacial outwash, Fraser-age","Pleistocene"
"39",39,"CNE-25-R3",0,30,0.0859259544323562,"COL","e",0.919009804725647,606.171508789062,6.1549768447876,0.231984913349152,42.0436935424805,0.656370639801025,-0.551748871803284,0.335591912269592,0.588791787624359,0.337038278579712,0.215782701969147,0.804611444473267,1.24927687644958,0.311504006385803,0.109387494623661,-0.605491042137146,"continental glacial till, Fraser-age","Pleistocene"
"40",40,"CNE-25-R3",30,100,0.00595659294609847,"COL","e",0.919009804725647,606.171508789062,6.1549768447876,0.231984913349152,42.0436935424805,0.656370639801025,-0.551748871803284,0.335591912269592,0.588791787624359,0.337038278579712,0.215782701969147,0.804611444473267,1.24927687644958,0.311504006385803,0.109387494623661,-0.605491042137146,"continental glacial till, Fraser-age","Pleistocene"
"41",41,"CNE-29IS28-R2",0,30,0.148876968281666,"COL","f",0.364588439464569,580.61279296875,7.58918046951294,0.0347639061510563,39.2560920715332,0.691677629947662,-0.532699584960938,0.335477381944656,0.57240217924118,0.334067463874817,0.161005288362503,0.673914670944214,1.49523329734802,0.301147282123566,0.196288734674454,-0.603589773178101,"amphibolite","pre-Tertiary"
"42",42,"CNE-29IS28-R2",30,100,0.03127444873547,"COL","f",0.364588439464569,580.61279296875,7.58918046951294,0.0347639061510563,39.2560920715332,0.691677629947662,-0.532699584960938,0.335477381944656,0.57240217924118,0.334067463874817,0.161005288362503,0.673914670944214,1.49523329734802,0.301147282123566,0.196288734674454,-0.603589773178101,"amphibolite","pre-Tertiary"
"43",43,"CSW_S13_R3",0,30,1.58746212673037,"COL","i",0.32886666059494,658.463684082031,6.00440311431885,0.606893122196198,64.0843200683594,0.82224851846695,-0.430437088012695,0.363658487796783,0.590549886226654,0.366900265216827,-0.0752208381891251,0.374265730381012,2.67694020271301,0.375447809696198,0.455535501241684,-0.665175676345825,"continental glacial outwash, Fraser-age","Pleistocene"
"44",44,"CSW_S13_R3",30,100,0.858606402352231,"COL","i",0.32886666059494,658.463684082031,6.00440311431885,0.606893122196198,64.0843200683594,0.82224851846695,-0.430437088012695,0.363658487796783,0.590549886226654,0.366900265216827,-0.0752208381891251,0.374265730381012,2.67694020271301,0.375447809696198,0.455535501241684,-0.665175676345825,"continental glacial outwash, Fraser-age","Pleistocene"
"45",45,"CSW_S14",0,30,0.206940592967067,"COL","f",0.954370677471161,658.463684082031,6.00440311431885,0.414782524108887,64,0.812923848628998,-0.472451776266098,0.352561801671982,0.614893078804016,0.357768654823303,-0.00311708706431091,0.426802098751068,2.34328007698059,0.36540275812149,0.401750534772873,-0.667620778083801,"continental glacial outwash, Fraser-age","Pleistocene"
"46",46,"CSW_S14",30,100,0.0722577921238726,"COL","f",0.954370677471161,658.463684082031,6.00440311431885,0.414782524108887,64,0.812923848628998,-0.472451776266098,0.352561801671982,0.614893078804016,0.357768654823303,-0.00311708706431091,0.426802098751068,2.34328007698059,0.36540275812149,0.401750534772873,-0.667620778083801,"continental glacial outwash, Fraser-age","Pleistocene"
"47",47,"CSW_S30",0,30,0.0877778668029787,"COL","g",0.219259187579155,681.103088378906,6.17919206619263,0.0145876547321677,65.9759216308594,0.804407596588135,-0.489838868379593,0.353794246912003,0.644079446792603,0.361252188682556,0.0522982142865658,0.486152082681656,2.05715608596802,0.421675622463226,0.345769852399826,-0.667215943336487,"continental glacial till, Fraser-age","Pleistocene"
"48",48,"CSW_S30",30,100,0.0607233840968796,"COL","g",0.219259187579155,681.103088378906,6.17919206619263,0.0145876547321677,65.9759216308594,0.804407596588135,-0.489838868379593,0.353794246912003,0.644079446792603,0.361252188682556,0.0522982142865658,0.486152082681656,2.05715608596802,0.421675622463226,0.345769852399826,-0.667215943336487,"continental glacial till, Fraser-age","Pleistocene"
"49",49,"CW_S11_R2",0,30,0.133164969126213,"COL","g",0.659359216690063,778.711669921875,5.36951112747192,0.673320829868317,61.4959030151367,0.733206450939178,-0.540270030498505,0.301002204418182,0.607533693313599,0.31249612569809,0.145621448755264,0.600699186325073,1.66492426395416,0.383211374282837,0.249475121498108,-0.637310922145844,"continental glacial outwash, Fraser-age","Pleistocene"
"50",50,"CW_S11_R2",30,100,0.0295090428477513,"COL","g",0.659359216690063,778.711669921875,5.36951112747192,0.673320829868317,61.4959030151367,0.733206450939178,-0.540270030498505,0.301002204418182,0.607533693313599,0.31249612569809,0.145621448755264,0.600699186325073,1.66492426395416,0.383211374282837,0.249475121498108,-0.637310922145844,"continental glacial outwash, Fraser-age","Pleistocene"
"51",51,"CW_S2_R2",0,30,0.145995131830206,"COL","i",0.636235237121582,778.711669921875,5.36951112747192,0.913423180580139,57.3283882141113,0.829313695430756,-0.502706825733185,0.410050213336945,0.630000233650208,0.412164151668549,0.017984775826335,0.418430954217911,2.39942812919617,0.387521922588348,0.410515874624252,-0.694751560688019,"continental glacial outwash, Fraser-age","Pleistocene"
"52",52,"CW_S2_R2",30,100,0.101097878596294,"COL","i",0.636235237121582,778.711669921875,5.36951112747192,0.913423180580139,57.3283882141113,0.829313695430756,-0.502706825733185,0.410050213336945,0.630000233650208,0.412164151668549,0.017984775826335,0.418430954217911,2.39942812919617,0.387521922588348,0.410515874624252,-0.694751560688019,"continental glacial outwash, Fraser-age","Pleistocene"
"53",53,"CW-05-R1",0,30,0.643528972288999,"COL","i",0.435706526041031,776.530090332031,5.19560813903809,0.85196715593338,60.2902717590332,0.812513649463654,-0.504881620407104,0.396847933530807,0.642480134963989,0.399099886417389,0.0617337338626385,0.488703310489655,2.04678964614868,0.384488761425018,0.343491464853287,-0.670915067195892,"continental glacial till, Fraser-age","Pleistocene"
"54",54,"CW-05-R1",30,100,0.519921798652489,"COL","i",0.435706526041031,776.530090332031,5.19560813903809,0.85196715593338,60.2902717590332,0.812513649463654,-0.504881620407104,0.396847933530807,0.642480134963989,0.399099886417389,0.0617337338626385,0.488703310489655,2.04678964614868,0.384488761425018,0.343491464853287,-0.670915067195892,"continental glacial till, Fraser-age","Pleistocene"
"55",55,"CW-10-R1",0,30,0.151499456056984,"COL","i",0.632822155952454,594.417053222656,7.34327697753906,0.750328600406647,49.986515045166,0.818059921264648,-0.534551024436951,0.465312451124191,0.669885396957397,0.451419025659561,0.126473367214203,0.504099726676941,1.98405849933624,0.360919654369354,0.329723298549652,-0.677652835845947,"continental glacial outwash, Fraser-age","Pleistocene"
"56",56,"CW-10-R1",30,100,0.0524370579100375,"COL","i",0.632822155952454,594.417053222656,7.34327697753906,0.750328600406647,49.986515045166,0.818059921264648,-0.534551024436951,0.465312451124191,0.669885396957397,0.451419025659561,0.126473367214203,0.504099726676941,1.98405849933624,0.360919654369354,0.329723298549652,-0.677652835845947,"continental glacial outwash, Fraser-age","Pleistocene"
"57",57,"CW-21-R2",0,30,0.233794779666255,"COL","i",0.534022033214569,719.616882324219,4.56691265106201,0.379875987768173,54.0063552856445,0.793197751045227,-0.507824838161469,0.383156448602676,0.60732626914978,0.387853026390076,0.0601366423070431,0.488743960857391,2.04795455932617,0.369896411895752,0.34355241060257,-0.663658857345581,"orthogneiss, porphyritic","pre-Tertiary"
"58",58,"CW-21-R2",30,100,0.0482111558274187,"COL","i",0.534022033214569,719.616882324219,4.56691265106201,0.379875987768173,54.0063552856445,0.793197751045227,-0.507824838161469,0.383156448602676,0.60732626914978,0.387853026390076,0.0601366423070431,0.488743960857391,2.04795455932617,0.369896411895752,0.34355241060257,-0.663658857345581,"orthogneiss, porphyritic","pre-Tertiary"
"59",59,"CW-29-R2",0,30,0.153013691970693,"COL","f",0.206009522080421,664.216674804688,6.02921533584595,0.243654891848564,65.0328826904297,0.805622398853302,-0.430586874485016,0.285194426774979,0.576593458652496,0.296047508716583,-0.0573540963232517,0.411746680736542,2.43013620376587,0.374955207109451,0.41675654053688,-0.639673173427582,"continental glacial outwash, Fraser-age","Pleistocene"
"60",60,"CW-29-R2",30,100,0.0270491406953694,"COL","f",0.206009522080421,664.216674804688,6.02921533584595,0.243654891848564,65.0328826904297,0.805622398853302,-0.430586874485016,0.285194426774979,0.576593458652496,0.296047508716583,-0.0573540963232517,0.411746680736542,2.43013620376587,0.374955207109451,0.41675654053688,-0.639673173427582,"continental glacial outwash, Fraser-age","Pleistocene"
"61",61,"E-ML-FR-H-1040",0,30,1.00295107295669,"HOH","i",0.658306658267975,3206.46337890625,9.86359691619873,0.880313277244568,49.3842735290527,0.845498919487,-0.5514777302742,0.583393633365631,0.688959836959839,0.557329893112183,0.103295482695103,0.461470067501068,2.1725697517395,0.479662984609604,0.368801355361938,-0.726501882076263,"alpine glacial drift, Fraser-age","Pleistocene"
"62",62,"E-ML-FR-H-1040",30,100,1.40772193135827,"HOH","i",0.658306658267975,3206.46337890625,9.86359691619873,0.880313277244568,49.3842735290527,0.845498919487,-0.5514777302742,0.583393633365631,0.688959836959839,0.557329893112183,0.103295482695103,0.461470067501068,2.1725697517395,0.479662984609604,0.368801355361938,-0.726501882076263,"alpine glacial drift, Fraser-age","Pleistocene"
"63",63,"H-C-01-DNR-WET",0,30,1.22805647458475,"HOH","f",0.582455039024353,3065.88403320312,10.1813697814941,0.851915717124939,58.1438827514648,0.842225611209869,-0.478577733039856,0.462783813476562,0.650823652744293,0.462757021188736,-0.00694743497297168,0.412464737892151,2.48559212684631,0.514220714569092,0.418742775917053,-0.704430937767029,"alpine glacial drift, Fraser-age","Pleistocene"
"64",64,"H-C-01-DNR-WET",30,100,1.43308060926077,"HOH","f",0.582455039024353,3065.88403320312,10.1813697814941,0.851915717124939,58.1438827514648,0.842225611209869,-0.478577733039856,0.462783813476562,0.650823652744293,0.462757021188736,-0.00694743497297168,0.412464737892151,2.48559212684631,0.514220714569092,0.418742775917053,-0.704430937767029,"alpine glacial drift, Fraser-age","Pleistocene"
"65",65,"H-C-02-DNR",0,30,0.733764918838112,"HOH","g",0.694736897945404,3050.06127929688,10.2106876373291,0.911289155483246,57.8620948791504,0.862784206867218,-0.444375276565552,0.557538568973541,0.649125158786774,0.542732000350952,-0.0850683823227882,0.343385636806488,2.91487646102905,0.575625956058502,0.488869905471802,-0.721775770187378,"glacial outwash, alpine, Fraser-age","Pleistocene"
"66",66,"H-C-02-DNR",30,100,0.257316268233673,"HOH","g",0.694736897945404,3050.06127929688,10.2106876373291,0.911289155483246,57.8620948791504,0.862784206867218,-0.444375276565552,0.557538568973541,0.649125158786774,0.542732000350952,-0.0850683823227882,0.343385636806488,2.91487646102905,0.575625956058502,0.488869905471802,-0.721775770187378,"glacial outwash, alpine, Fraser-age","Pleistocene"
"67",67,"H-C-05-2020",0,30,0.0976138184426231,"HOH","i",0.694724440574646,2977.935546875,10.4148683547974,0.826951801776886,44.0128898620605,0.840615749359131,-0.587310016155243,0.625150322914124,0.692398190498352,0.578655660152435,0.116926446557045,0.452675133943558,2.23511409759521,0.354002892971039,0.378328740596771,-0.710257887840271,"alluvium","Quaternary"
"68",68,"H-C-05-2020",30,100,0.00968868850929859,"HOH","i",0.694724440574646,2977.935546875,10.4148683547974,0.826951801776886,44.0128898620605,0.840615749359131,-0.587310016155243,0.625150322914124,0.692398190498352,0.578655660152435,0.116926446557045,0.452675133943558,2.23511409759521,0.354002892971039,0.378328740596771,-0.710257887840271,"alluvium","Quaternary"
"69",69,"H-C-06-DNR",0,30,1.07493341809214,"HOH","e",0.659476280212402,3133.18188476562,9.92416286468506,0.464024126529694,58.2035713195801,0.880748212337494,-0.535255432128906,0.573281109333038,0.70539265871048,0.548742949962616,0.0186614878475666,0.373330056667328,2.71761298179626,0.48128417134285,0.457950055599213,-0.75121808052063,"alpine glacial drift, Fraser-age","Pleistocene"
"70",70,"H-C-06-DNR",30,100,0.964853033358618,"HOH","e",0.659476280212402,3133.18188476562,9.92416286468506,0.464024126529694,58.2035713195801,0.880748212337494,-0.535255432128906,0.573281109333038,0.70539265871048,0.548742949962616,0.0186614878475666,0.373330056667328,2.71761298179626,0.48128417134285,0.457950055599213,-0.75121808052063,"alpine glacial drift, Fraser-age","Pleistocene"
"71",71,"H-C-08-DNR",0,30,0.718692335926147,"HOH","e",0.647177994251251,3010.08227539062,10.2711420059204,0.157578319311142,68.072395324707,0.633806824684143,-0.557279646396637,0.368856608867645,0.582988560199738,0.369957119226456,0.24352203309536,0.819307923316956,1.23331880569458,0.288543820381165,0.101605251431465,-0.603559255599976,"alpine glacial drift, Fraser-age","Pleistocene"
"72",72,"H-C-08-DNR",30,100,0.51832198331652,"HOH","e",0.647177994251251,3010.08227539062,10.2711420059204,0.157578319311142,68.072395324707,0.633806824684143,-0.557279646396637,0.368856608867645,0.582988560199738,0.369957119226456,0.24352203309536,0.819307923316956,1.23331880569458,0.288543820381165,0.101605251431465,-0.603559255599976,"alpine glacial drift, Fraser-age","Pleistocene"
"73",73,"H-C-10-2020",0,30,0.850134563766222,"HOH","f",0.680256187915802,3037.89697265625,10.2214660644531,0.569216847419739,67.523323059082,0.906934082508087,-0.444455683231354,0.540549576282501,0.690769255161285,0.525915801525116,-0.169230818748474,0.275474399328232,3.6336658000946,0.569436311721802,0.568118929862976,-0.766328871250153,"glacial outwash, alpine, Fraser-age","Pleistocene"
"74",74,"H-C-10-2020",30,100,0.418635109651389,"HOH","f",0.680256187915802,3037.89697265625,10.2214660644531,0.569216847419739,67.523323059082,0.906934082508087,-0.444455683231354,0.540549576282501,0.690769255161285,0.525915801525116,-0.169230818748474,0.275474399328232,3.6336658000946,0.569436311721802,0.568118929862976,-0.766328871250153,"glacial outwash, alpine, Fraser-age","Pleistocene"
"75",75,"H-C-11R2-TNC",0,30,0.220914200328147,"HOH","g",0.658542096614838,3142.3125,9.99057960510254,0.435542047023773,65.7863388061523,0.893795192241669,-0.459746181964874,0.504135310649872,0.660102427005768,0.494760751724243,-0.15374194085598,0.282706141471863,3.5373318195343,0.496667325496674,0.55920547246933,-0.759490132331848,"alluvium","Quaternary"
"76",76,"H-C-11R2-TNC",30,100,0.225495833418415,"HOH","g",0.658542096614838,3142.3125,9.99057960510254,0.435542047023773,65.7863388061523,0.893795192241669,-0.459746181964874,0.504135310649872,0.660102427005768,0.494760751724243,-0.15374194085598,0.282706141471863,3.5373318195343,0.496667325496674,0.55920547246933,-0.759490132331848,"alluvium","Quaternary"
"77",77,"H-C-14-2020",0,30,0.389556868838241,"HOH","f",0.630275130271912,3221.375,9.83203411102295,0.203204870223999,24.9573993682861,0.63168054819107,-0.617298662662506,0.376066744327545,0.607640147209167,0.391405075788498,0.315615028142929,0.878872513771057,1.14131987094879,0.383289307355881,0.0651988834142685,-0.642629742622375,"alpine glacial drift, Fraser-age","Pleistocene"
"78",78,"H-C-14-2020",30,100,0.15728734925981,"HOH","f",0.630275130271912,3221.375,9.83203411102295,0.203204870223999,24.9573993682861,0.63168054819107,-0.617298662662506,0.376066744327545,0.607640147209167,0.391405075788498,0.315615028142929,0.878872513771057,1.14131987094879,0.383289307355881,0.0651988834142685,-0.642629742622375,"alpine glacial drift, Fraser-age","Pleistocene"
"79",79,"H-C-16-TNC",0,30,0.521709715834636,"HOH","e",0.892810344696045,3276.5419921875,9.87406349182129,0.107578314840794,58.1674919128418,0.914534151554108,-0.512961745262146,0.634110450744629,0.729421615600586,0.594743311405182,-0.0868052169680595,0.289667725563049,3.45437264442444,0.477190226316452,0.550835847854614,-0.779573500156403,"alpine glacial drift, Fraser-age","Pleistocene"
"80",80,"H-C-16-TNC",30,100,0.337763522042657,"HOH","e",0.892810344696045,3276.5419921875,9.87406349182129,0.107578314840794,58.1674919128418,0.914534151554108,-0.512961745262146,0.634110450744629,0.729421615600586,0.594743311405182,-0.0868052169680595,0.289667725563049,3.45437264442444,0.477190226316452,0.550835847854614,-0.779573500156403,"alpine glacial drift, Fraser-age","Pleistocene"
"81",81,"H-C-19-DNR",0,30,0.716326278400632,"HOH","i",0.686154127120972,3197.30517578125,9.84579086303711,0.230313271284103,60.3808670043945,0.91474187374115,-0.494743376970291,0.543903052806854,0.715389549732208,0.52947199344635,-0.111941047012806,0.276690781116486,3.6147837638855,0.547749102115631,0.566563308238983,-0.786404192447662,"alpine glacial drift, Fraser-age","Pleistocene"
"82",82,"H-C-19-DNR",30,100,0.461465600662115,"HOH","i",0.686154127120972,3197.30517578125,9.84579086303711,0.230313271284103,60.3808670043945,0.91474187374115,-0.494743376970291,0.543903052806854,0.715389549732208,0.52947199344635,-0.111941047012806,0.276690781116486,3.6147837638855,0.547749102115631,0.566563308238983,-0.786404192447662,"alpine glacial drift, Fraser-age","Pleistocene"
"83",83,"H-C-23-2020",0,30,0.160958516086146,"HOH","e",0.703307628631592,3192.18774414062,9.88532829284668,0.127734959125519,69.5080795288086,0.891958355903625,-0.5130814909935,0.482521921396255,0.692715764045715,0.481256991624832,-0.0670251101255417,0.315567702054977,3.16903448104858,0.556774079799652,0.520260155200958,-0.76812082529068,"alpine glacial till, Fraser-age","Pleistocene"
"84",84,"H-C-23-2020",30,100,0.137245197423949,"HOH","e",0.703307628631592,3192.18774414062,9.88532829284668,0.127734959125519,69.5080795288086,0.891958355903625,-0.5130814909935,0.482521921396255,0.692715764045715,0.481256991624832,-0.0670251101255417,0.315567702054977,3.16903448104858,0.556774079799652,0.520260155200958,-0.76812082529068,"alpine glacial till, Fraser-age","Pleistocene"
"85",85,"H-C-28-DNR",0,30,0.714461537832612,"HOH","f",0.70281708240509,3136.7744140625,10.070897102356,0.218867480754852,71.7420883178711,0.633338630199432,-0.594834387302399,0.346649944782257,0.627798855304718,0.357542246580124,0.293868005275726,0.887797355651855,1.21460771560669,0.365040063858032,0.072471596300602,-0.646521389484406,"alpine glacial drift, Fraser-age","Pleistocene"
"86",86,"H-C-28-DNR",30,100,0.442020091389352,"HOH","f",0.70281708240509,3136.7744140625,10.070897102356,0.218867480754852,71.7420883178711,0.633338630199432,-0.594834387302399,0.346649944782257,0.627798855304718,0.357542246580124,0.293868005275726,0.887797355651855,1.21460771560669,0.365040063858032,0.072471596300602,-0.646521389484406,"alpine glacial drift, Fraser-age","Pleistocene"
"87",87,"H-C-30-2020",0,30,0.560587406075858,"HOH","e",0.476422756910324,3146.22705078125,9.96616649627686,0.0678915902972221,69.4078063964844,0.827948272228241,-0.470910310745239,0.421651780605316,0.607200443744659,0.427921324968338,-0.0426797270774841,0.383708596229553,2.61683702468872,0.485494673252106,0.445815294981003,-0.699551224708557,"alpine glacial drift, Fraser-age","Pleistocene"
"88",88,"H-C-30-2020",30,100,0.765058390918986,"HOH","e",0.476422756910324,3146.22705078125,9.96616649627686,0.0678915902972221,69.4078063964844,0.827948272228241,-0.470910310745239,0.421651780605316,0.607200443744659,0.427921324968338,-0.0426797270774841,0.383708596229553,2.61683702468872,0.485494673252106,0.445815294981003,-0.699551224708557,"alpine glacial drift, Fraser-age","Pleistocene"
"89",89,"H-CE-20-DNR",0,30,0.53437937250154,"HOH","f",0.541175603866577,3234.1767578125,9.79849815368652,0.309843361377716,67.9252014160156,0.888573348522186,-0.490307867527008,0.522002220153809,0.687215983867645,0.512634873390198,-0.0789407715201378,0.318580090999603,3.14122152328491,0.557909727096558,0.516848564147949,-0.760900259017944,"alpine glacial outwash, pre-Fraser","Pleistocene"
"90",90,"H-CE-20-DNR",30,100,0.482108865409733,"HOH","f",0.541175603866577,3234.1767578125,9.79849815368652,0.309843361377716,67.9252014160156,0.888573348522186,-0.490307867527008,0.522002220153809,0.687215983867645,0.512634873390198,-0.0789407715201378,0.318580090999603,3.14122152328491,0.557909727096558,0.516848564147949,-0.760900259017944,"alpine glacial outwash, pre-Fraser","Pleistocene"
"91",91,"H-CN-17R2-DNR",0,30,0.363520516687068,"HOH","f",0.53995943069458,3052.6533203125,10.0634441375732,0.201289162039757,63.4622459411621,0.844540417194366,-0.547894239425659,0.586227297782898,0.683157444000244,0.554566264152527,0.0869275778532028,0.440435707569122,2.33709764480591,0.399949908256531,0.391974478960037,-0.722171187400818,"glacial outwash, alpine, Fraser-age","Pleistocene"
"92",92,"H-CN-17R2-DNR",30,100,0.611269203258458,"HOH","f",0.53995943069458,3052.6533203125,10.0634441375732,0.201289162039757,63.4622459411621,0.844540417194366,-0.547894239425659,0.586227297782898,0.683157444000244,0.554566264152527,0.0869275778532028,0.440435707569122,2.33709764480591,0.399949908256531,0.391974478960037,-0.722171187400818,"glacial outwash, alpine, Fraser-age","Pleistocene"
"93",93,"H-CW-12-TNC",0,30,0.43584494196625,"HOH","c",0.686522960662842,2748.49145507812,10.251482963562,0.286132514476776,65.4285736083984,0.905274033546448,-0.413056433200836,0.566773295402527,0.681788325309753,0.5478276014328,-0.206869065761566,0.270433902740479,3.69787096977234,0.554683148860931,0.574267387390137,-0.752075970172882,"alpine glacial outwash, pre-Fraser","Pleistocene"
"94",94,"H-CW-12-TNC",30,100,0.264206081300891,"HOH","c",0.686522960662842,2748.49145507812,10.251482963562,0.286132514476776,65.4285736083984,0.905274033546448,-0.413056433200836,0.566773295402527,0.681788325309753,0.5478276014328,-0.206869065761566,0.270433902740479,3.69787096977234,0.554683148860931,0.574267387390137,-0.752075970172882,"alpine glacial outwash, pre-Fraser","Pleistocene"
"95",95,"H-CW-14-TNC",0,30,0.824825568331476,"HOH","c",0.614221572875977,2789.455078125,10.2066812515259,0.169337391853333,49.3185119628906,0.866342484951019,-0.465003579854965,0.502136766910553,0.660436689853668,0.491058260202408,-0.0664217919111252,0.345759719610214,2.90408182144165,0.505088984966278,0.486538380384445,-0.72545862197876,"glacial outwash, alpine, Fraser-age","Pleistocene"
"96",96,"H-CW-14-TNC",30,100,0.528189166463987,"HOH","c",0.614221572875977,2789.455078125,10.2066812515259,0.169337391853333,49.3185119628906,0.866342484951019,-0.465003579854965,0.502136766910553,0.660436689853668,0.491058260202408,-0.0664217919111252,0.345759719610214,2.90408182144165,0.505088984966278,0.486538380384445,-0.72545862197876,"glacial outwash, alpine, Fraser-age","Pleistocene"
"97",97,"H-CW-19R2-TNC",0,30,0.251941822081666,"HOH","c",0.509014248847961,2855.97485351562,10.1013221740723,0.0798433646559715,22.6875801086426,0.700699210166931,-0.584591209888458,0.459223002195358,0.618048787117004,0.44539412856102,0.242280632257462,0.743297219276428,1.42851221561432,0.300612956285477,0.160267561674118,-0.647284388542175,"alpine glacial outwash, pre-Fraser","Pleistocene"
"98",98,"H-CW-19R2-TNC",30,100,0.125534623471187,"HOH","c",0.509014248847961,2855.97485351562,10.1013221740723,0.0798433646559715,22.6875801086426,0.700699210166931,-0.584591209888458,0.459223002195358,0.618048787117004,0.44539412856102,0.242280632257462,0.743297219276428,1.42851221561432,0.300612956285477,0.160267561674118,-0.647284388542175,"alpine glacial outwash, pre-Fraser","Pleistocene"
"99",99,"H-E-07-2020",0,30,0.103283436256442,"HOH","g",0.764722287654877,3271.7353515625,9.66192054748535,0.467734962701797,62.9420928955078,0.909791469573975,-0.555262506008148,0.630480110645294,0.754584670066833,0.582687318325043,0.0209332816302776,0.34494948387146,2.9005401134491,0.362292945384979,0.487098157405853,-0.77128392457962,"alluvium","Quaternary"
"100",100,"H-E-07-2020",30,100,0.077261254462303,"HOH","g",0.764722287654877,3271.7353515625,9.66192054748535,0.467734962701797,62.9420928955078,0.909791469573975,-0.555262506008148,0.630480110645294,0.754584670066833,0.582687318325043,0.0209332816302776,0.34494948387146,2.9005401134491,0.362292945384979,0.487098157405853,-0.77128392457962,"alluvium","Quaternary"
"101",101,"H-E-29-2020",0,30,0.207356418313559,"HOH","f",0.872122347354889,3372.61840820312,9.59637832641602,0.0385542064905167,72.0247955322266,0.784642040729523,-0.520721912384033,0.392606526613235,0.623065948486328,0.400142788887024,0.0843037441372871,0.496900230646133,2.02726054191589,0.397077679634094,0.336918920278549,-0.663861155509949,"marine sedimentary rocks","Miocene-Eocene"
"102",102,"H-HS-1",0,30,0.40516648074365,"HOH","f",0.752162277698517,3364.443359375,9.58840179443359,0.00628915894776583,67.2499160766602,0.885273814201355,-0.449660986661911,0.566432356834412,0.667618691921234,0.544844150543213,-0.125014573335648,0.304204642772675,3.29089713096619,0.48567607998848,0.53360116481781,-0.737479031085968,"marine sedimentary rocks","Miocene-Eocene"
"103",103,"H-HS-1",30,100,0.116266745608806,"HOH","f",0.752162277698517,3364.443359375,9.58840179443359,0.00628915894776583,67.2499160766602,0.885273814201355,-0.449660986661911,0.566432356834412,0.667618691921234,0.544844150543213,-0.125014573335648,0.304204642772675,3.29089713096619,0.48567607998848,0.53360116481781,-0.737479031085968,"marine sedimentary rocks","Miocene-Eocene"
"104",104,"H-HS-2",0,30,0.07815090307372,"HOH","e",0.531610727310181,3566.83618164062,9.42157936096191,0.0549999997019768,65.3373565673828,0.873245477676392,-0.463204383850098,0.5432248711586,0.641310393810272,0.526344895362854,-0.126031786203384,0.295298397541046,3.4554979801178,0.518454253673553,0.545667231082916,-0.744539797306061,"marine clastic rocks, dominantly thick-bedded lithic sandstone","Miocene-Eocene"
"105",105,"H-HS-2",30,100,0.0463548568606712,"HOH","e",0.531610727310181,3566.83618164062,9.42157936096191,0.0549999997019768,65.3373565673828,0.873245477676392,-0.463204383850098,0.5432248711586,0.641310393810272,0.526344895362854,-0.126031786203384,0.295298397541046,3.4554979801178,0.518454253673553,0.545667231082916,-0.744539797306061,"marine clastic rocks, dominantly thick-bedded lithic sandstone","Miocene-Eocene"
"106",106,"H-W-06-TNC",0,30,0.264968822509745,"HOH","b",0.758296012878418,2684.564453125,10.1214027404785,0.529337346553802,64.602653503418,0.906675100326538,-0.537366151809692,0.677432775497437,0.751788973808289,0.612365067005157,-0.00969969946891069,0.340612143278122,2.93912029266357,0.336538523435593,0.491962850093842,-0.757720947265625,"alluvium","Quaternary"
"107",107,"H-W-06-TNC",30,100,0.0120434768976797,"HOH","b",0.758296012878418,2684.564453125,10.1214027404785,0.529337346553802,64.602653503418,0.906675100326538,-0.537366151809692,0.677432775497437,0.751788973808289,0.612365067005157,-0.00969969946891069,0.340612143278122,2.93912029266357,0.336538523435593,0.491962850093842,-0.757720947265625,"alluvium","Quaternary"
"108",108,"H-W-08-TNC",0,30,0.415274846010313,"HOH","b",0.691240191459656,2684.564453125,10.1214027404785,0.210975885391235,70.0037612915039,0.879114985466003,-0.479166716337204,0.504699945449829,0.656845569610596,0.492811560630798,-0.0625302791595459,0.3263039290905,3.06488132476807,0.425608336925507,0.507957279682159,-0.733154058456421,"glacial outwash, alpine, Fraser-age","Pleistocene"
"109",109,"H-W-08-TNC",30,100,0.574542666236183,"HOH","b",0.691240191459656,2684.564453125,10.1214027404785,0.210975885391235,70.0037612915039,0.879114985466003,-0.479166716337204,0.504699945449829,0.656845569610596,0.492811560630798,-0.0625302791595459,0.3263039290905,3.06488132476807,0.425608336925507,0.507957279682159,-0.733154058456421,"glacial outwash, alpine, Fraser-age","Pleistocene"
"110",110,"H-W-11-2020",0,30,0.683825104942518,"HOH","g",0.730214357376099,3023.96875,10.1430788040161,0.660662651062012,67.3419570922852,0.912244021892548,-0.477804899215698,0.545516967773438,0.712222278118134,0.531648755073547,-0.119113132357597,0.281706660985947,3.55111145973206,0.551866590976715,0.560447990894318,-0.777898728847504,"glacial outwash, alpine, Fraser-age","Pleistocene"
"111",111,"H-W-11-2020",30,100,0.52117251489401,"HOH","g",0.730214357376099,3023.96875,10.1430788040161,0.660662651062012,67.3419570922852,0.912244021892548,-0.477804899215698,0.545516967773438,0.712222278118134,0.531648755073547,-0.119113132357597,0.281706660985947,3.55111145973206,0.551866590976715,0.560447990894318,-0.777898728847504,"glacial outwash, alpine, Fraser-age","Pleistocene"
"112",112,"H-W-13-2020",0,30,2.12253992066193,"HOH","f",0.692301511764526,2873.56811523438,10.1494665145874,0.389494031667709,71.0347137451172,0.874368011951447,-0.451690018177032,0.429289966821671,0.675549149513245,0.439402878284454,-0.0760527327656746,0.349037051200867,2.86503148078918,0.620875775814056,0.482539176940918,-0.734742105007172,"glacial outwash, alpine, Fraser-age","Pleistocene"
"113",113,"H-W-13-2020",30,100,0.869496105125533,"HOH","f",0.692301511764526,2873.56811523438,10.1494665145874,0.389494031667709,71.0347137451172,0.874368011951447,-0.451690018177032,0.429289966821671,0.675549149513245,0.439402878284454,-0.0760527327656746,0.349037051200867,2.86503148078918,0.620875775814056,0.482539176940918,-0.734742105007172,"glacial outwash, alpine, Fraser-age","Pleistocene"
"114",114,"H-W-15-2020",0,30,0.812229582933311,"HOH","g",0.559429109096527,2803.142578125,10.105278968811,0.410662621259689,68.2469177246094,0.814524114131927,-0.423015654087067,0.474659085273743,0.610732197761536,0.469654351472855,-0.0527790896594524,0.420081108808517,2.38749146461487,0.502573370933533,0.408732056617737,-0.662811517715454,"alpine glacial outwash, pre-Wisconsinan","Pleistocene"
"115",115,"H-W-15-2020",30,100,0.306086911731885,"HOH","g",0.559429109096527,2803.142578125,10.105278968811,0.410662621259689,68.2469177246094,0.814524114131927,-0.423015654087067,0.474659085273743,0.610732197761536,0.469654351472855,-0.0527790896594524,0.420081108808517,2.38749146461487,0.502573370933533,0.408732056617737,-0.662811517715454,"alpine glacial outwash, pre-Wisconsinan","Pleistocene"
"116",116,"H-W-22-2020",0,30,0.441032590931081,"HOH","f",0.757384240627289,2928.236328125,10.1270875930786,0.328554213047028,64.1090698242188,0.851069450378418,-0.442636996507645,0.470046609640121,0.646657586097717,0.467862576246262,-0.0598795376718044,0.38090854883194,2.62766003608704,0.554719030857086,0.448421269655228,-0.701181769371033,"alpine glacial outwash, pre-Fraser","Pleistocene"
"117",117,"H-W-22-2020",30,100,0.97928972221742,"HOH","f",0.757384240627289,2928.236328125,10.1270875930786,0.328554213047028,64.1090698242188,0.851069450378418,-0.442636996507645,0.470046609640121,0.646657586097717,0.467862576246262,-0.0598795376718044,0.38090854883194,2.62766003608704,0.554719030857086,0.448421269655228,-0.701181769371033,"alpine glacial outwash, pre-Fraser","Pleistocene"
"118",118,"H-W-26-2020",0,30,0.615617156391953,"HOH","e",0.663476407527924,2852.88647460938,10.1332263946533,0.107421681284904,71.0916595458984,0.902204215526581,-0.4189473092556,0.51220029592514,0.674288094043732,0.501691341400146,-0.193592503666878,0.271571516990662,3.68237805366516,0.539089977741241,0.572858929634094,-0.752321779727936,"alpine glacial outwash, pre-Wisconsinan","Pleistocene"
"119",119,"H-W-26-2020",30,100,0.222429815621805,"HOH","e",0.663476407527924,2852.88647460938,10.1332263946533,0.107421681284904,71.0916595458984,0.902204215526581,-0.4189473092556,0.51220029592514,0.674288094043732,0.501691341400146,-0.193592503666878,0.271571516990662,3.68237805366516,0.539089977741241,0.572858929634094,-0.752321779727936,"alpine glacial outwash, pre-Wisconsinan","Pleistocene"
"120",120,"Hoh-ML-FR-1008.1",0,30,0.799654785986195,"HOH","c",0.680494129657745,3073.3857421875,10.1484823226929,0.254686713218689,73.0792770385742,0.591612040996552,-0.57157576084137,0.352599859237671,0.572760105133057,0.360879510641098,0.267533451318741,0.925541400909424,1.08278930187225,0.314886391162872,0.0391856469213963,-0.591708719730377,"glacial outwash, alpine, Fraser-age","Pleistocene"
"121",121,"Hoh-ML-FR-1008.1",30,100,0.710543495897397,"HOH","c",0.680494129657745,3073.3857421875,10.1484823226929,0.254686713218689,73.0792770385742,0.591612040996552,-0.57157576084137,0.352599859237671,0.572760105133057,0.360879510641098,0.267533451318741,0.925541400909424,1.08278930187225,0.314886391162872,0.0391856469213963,-0.591708719730377,"glacial outwash, alpine, Fraser-age","Pleistocene"
"122",122,"Hoh-ML-NE-FR-1043",0,30,1.09519190939204,"HOH","i",0.764592468738556,3170.5791015625,9.90206432342529,0.900313258171082,64.0351104736328,0.876549661159515,-0.452114969491959,0.511816620826721,0.686582803726196,0.505397439002991,-0.0664259567856789,0.360933870077133,2.77116775512695,0.625804007053375,0.469601333141327,-0.734769344329834,"alpine glacial drift, Fraser-age","Pleistocene"
"123",123,"Hoh-ML-NE-FR-1043",30,100,3.4701742920212,"HOH","i",0.764592468738556,3170.5791015625,9.90206432342529,0.900313258171082,64.0351104736328,0.876549661159515,-0.452114969491959,0.511816620826721,0.686582803726196,0.505397439002991,-0.0664259567856789,0.360933870077133,2.77116775512695,0.625804007053375,0.469601333141327,-0.734769344329834,"alpine glacial drift, Fraser-age","Pleistocene"
"124",124,"MC_S13",0,30,0.4444276169945,"MAS","j",0.626014709472656,1701.92333984375,8.74159717559814,0.709378182888031,72.1346969604492,0.879486501216888,-0.472544759511948,0.464437961578369,0.676314115524292,0.45629158616066,-0.0753865763545036,0.334604740142822,2.99053955078125,0.41861155629158,0.498630255460739,-0.723355770111084,"alpine glacial drift, pre-Fraser","Pleistocene"
"125",125,"MC_S13",30,100,0.0590329524272609,"MAS","j",0.626014709472656,1701.92333984375,8.74159717559814,0.709378182888031,72.1346969604492,0.879486501216888,-0.472544759511948,0.464437961578369,0.676314115524292,0.45629158616066,-0.0753865763545036,0.334604740142822,2.99053955078125,0.41861155629158,0.498630255460739,-0.723355770111084,"alpine glacial drift, pre-Fraser","Pleistocene"
"126",126,"MC_S17",0,30,0.729736746197857,"MAS","e",0.738758385181427,1737.55920410156,8.49069595336914,0.490914672613144,60.7476119995117,0.850847959518433,-0.480480432510376,0.47149008512497,0.641211152076721,0.461789458990097,-0.0495875366032124,0.358990013599396,2.80068778991699,0.397419929504395,0.472256898880005,-0.704170525074005,"basaltic andesite flows","Oligocene-Eocene"
"127",127,"MC_S17",30,100,0.259246633698285,"MAS","e",0.738758385181427,1737.55920410156,8.49069595336914,0.490914672613144,60.7476119995117,0.850847959518433,-0.480480432510376,0.47149008512497,0.641211152076721,0.461789458990097,-0.0495875366032124,0.358990013599396,2.80068778991699,0.397419929504395,0.472256898880005,-0.704170525074005,"basaltic andesite flows","Oligocene-Eocene"
"128",128,"MC_S2",0,30,2.5385286702651,"MAS","j",0.666407108306885,1740.25561523438,8.73698234558105,0.967548847198486,57.2141914367676,0.900373101234436,-0.528128981590271,0.671524167060852,0.736527681350708,0.616151630878448,-0.00915274582803249,0.336453408002853,2.97510433197021,0.422128260135651,0.496594846248627,-0.76316374540329,"alpine glacial drift, pre-Fraser","Pleistocene"
"129",129,"MC_S2",30,100,1.61433089389741,"MAS","j",0.666407108306885,1740.25561523438,8.73698234558105,0.967548847198486,57.2141914367676,0.900373101234436,-0.528128981590271,0.671524167060852,0.736527681350708,0.616151630878448,-0.00915274582803249,0.336453408002853,2.97510433197021,0.422128260135651,0.496594846248627,-0.76316374540329,"alpine glacial drift, pre-Fraser","Pleistocene"
"130",130,"MC_S21",0,30,0.869487580455851,"MAS","g",0.48363932967186,1688.85559082031,8.75603771209717,0.34062185883522,73.5648422241211,0.865568339824677,-0.467737764120102,0.386802345514297,0.660588562488556,0.390963137149811,-0.0614429675042629,0.357068002223969,2.81015467643738,0.407703131437302,0.474131077528,-0.704162418842316,"alpine glacial drift, pre-Fraser","Pleistocene"
"131",131,"MC_S21",30,100,0.568053550065747,"MAS","g",0.48363932967186,1688.85559082031,8.75603771209717,0.34062185883522,73.5648422241211,0.865568339824677,-0.467737764120102,0.386802345514297,0.660588562488556,0.390963137149811,-0.0614429675042629,0.357068002223969,2.81015467643738,0.407703131437302,0.474131077528,-0.704162418842316,"alpine glacial drift, pre-Fraser","Pleistocene"
"132",132,"MC_S5",0,30,1.09967161529118,"MAS","i",0.709599792957306,1720.80322265625,8.6828088760376,0.767158329486847,69.7683258056641,0.883617579936981,-0.494056731462479,0.491938471794128,0.696240723133087,0.477778404951096,-0.0361940525472164,0.348961770534515,2.86667943000793,0.409775048494339,0.482657670974731,-0.733640074729919,"alpine glacial drift, pre-Fraser","Pleistocene"
"133",133,"MC_S5",30,100,1.53745841881692,"MAS","i",0.709599792957306,1720.80322265625,8.6828088760376,0.767158329486847,69.7683258056641,0.883617579936981,-0.494056731462479,0.491938471794128,0.696240723133087,0.477778404951096,-0.0361940525472164,0.348961770534515,2.86667943000793,0.409775048494339,0.482657670974731,-0.733640074729919,"alpine glacial drift, pre-Fraser","Pleistocene"
"134",134,"MCN_S04",0,30,0.398966812402838,"MAS","i",0.718995809555054,1617.96447753906,8.95225143432617,0.763268232345581,62.2970886230469,0.874632239341736,-0.526581048965454,0.520624041557312,0.670585691928864,0.498557597398758,0.00482117291539907,0.373058974742889,2.68596529960632,0.362060189247131,0.456814795732498,-0.710124492645264,"alpine glacial drift, pre-Fraser","Pleistocene"
"135",135,"MCN_S04",30,100,0.81285746525438,"MAS","i",0.718995809555054,1617.96447753906,8.95225143432617,0.763268232345581,62.2970886230469,0.874632239341736,-0.526581048965454,0.520624041557312,0.670585691928864,0.498557597398758,0.00482117291539907,0.373058974742889,2.68596529960632,0.362060189247131,0.456814795732498,-0.710124492645264,"alpine glacial drift, pre-Fraser","Pleistocene"
"136",136,"MCN_S07",0,30,0.375151820923219,"MAS","i",0.558136880397797,1646.9775390625,8.8434534072876,0.801731765270233,60.9449043273926,0.882537961006165,-0.499914824962616,0.50936096906662,0.695692837238312,0.48566660284996,-0.0313256867229939,0.344778895378113,2.90070581436157,0.372407108545303,0.487243473529816,-0.737029671669006,"alpine glacial drift, pre-Fraser","Pleistocene"
"137",137,"MCN_S07",30,100,0.0396806081139196,"MAS","i",0.558136880397797,1646.9775390625,8.8434534072876,0.801731765270233,60.9449043273926,0.882537961006165,-0.499914824962616,0.50936096906662,0.695692837238312,0.48566660284996,-0.0313256867229939,0.344778895378113,2.90070581436157,0.372407108545303,0.487243473529816,-0.737029671669006,"alpine glacial drift, pre-Fraser","Pleistocene"
"138",138,"MCN_S11",0,30,0.292858934125771,"MAS","i",0.941922783851624,1582.05725097656,8.99038028717041,0.793463468551636,64.5431060791016,0.893818199634552,-0.470483869314194,0.535363078117371,0.682649075984955,0.512190461158752,-0.1076849848032,0.299598306417465,3.35783100128174,0.397364616394043,0.539459526538849,-0.741131842136383,"alpine glacial drift, pre-Fraser","Pleistocene"
"139",139,"MCN_S11",30,100,0.350693364169912,"MAS","i",0.941922783851624,1582.05725097656,8.99038028717041,0.793463468551636,64.5431060791016,0.893818199634552,-0.470483869314194,0.535363078117371,0.682649075984955,0.512190461158752,-0.1076849848032,0.299598306417465,3.35783100128174,0.397364616394043,0.539459526538849,-0.741131842136383,"alpine glacial drift, pre-Fraser","Pleistocene"
"140",140,"MCN_S13_R3_Rep12",0,30,0.313464178204423,"MAS","g",0.729706048965454,1433.80358886719,9.59851932525635,0.687451183795929,61.1648635864258,0.883887588977814,-0.510147154331207,0.581402719020844,0.700735092163086,0.544002175331116,-0.0197635013610125,0.354217410087585,2.83801698684692,0.395204812288284,0.477394998073578,-0.73595529794693,"alpine glacial drift, pre-Fraser","Pleistocene"
"141",141,"MCN_S13_R3_Rep12",30,100,0.0953421319323111,"MAS","g",0.729706048965454,1433.80358886719,9.59851932525635,0.687451183795929,61.1648635864258,0.883887588977814,-0.510147154331207,0.581402719020844,0.700735092163086,0.544002175331116,-0.0197635013610125,0.354217410087585,2.83801698684692,0.395204812288284,0.477394998073578,-0.73595529794693,"alpine glacial drift, pre-Fraser","Pleistocene"
"142",142,"MCN_S18",0,30,0.319483609686939,"MAS","f",0.846125304698944,1680.4892578125,8.56629276275635,0.375914663076401,71.9682083129883,0.874158918857574,-0.475947886705399,0.443211227655411,0.675963461399078,0.437337934970856,-0.0510029122233391,0.350971788167953,2.8592267036438,0.372529566287994,0.480761140584946,-0.713631391525269,"basaltic andesite flows","Oligocene-Eocene"
"143",143,"MCN_S18",30,100,0.162185154398665,"MAS","f",0.846125304698944,1680.4892578125,8.56629276275635,0.375914663076401,71.9682083129883,0.874158918857574,-0.475947886705399,0.443211227655411,0.675963461399078,0.437337934970856,-0.0510029122233391,0.350971788167953,2.8592267036438,0.372529566287994,0.480761140584946,-0.713631391525269,"basaltic andesite flows","Oligocene-Eocene"
"144",144,"MCN_S20",0,30,0.611130584961868,"MAS","g",0.674258947372437,1562.25842285156,9.34256744384766,0.403170645236969,61.8583183288574,0.895228624343872,-0.52483606338501,0.630687594413757,0.728670358657837,0.582642078399658,-0.00304915057495236,0.353429824113846,2.8295373916626,0.418447464704514,0.477731436491013,-0.749140501022339,"alpine glacial drift, pre-Fraser","Pleistocene"
"145",145,"MCN_S20",30,100,0.248619675672127,"MAS","g",0.674258947372437,1562.25842285156,9.34256744384766,0.403170645236969,61.8583183288574,0.895228624343872,-0.52483606338501,0.630687594413757,0.728670358657837,0.582642078399658,-0.00304915057495236,0.353429824113846,2.8295373916626,0.418447464704514,0.477731436491013,-0.749140501022339,"alpine glacial drift, pre-Fraser","Pleistocene"
"146",146,"MCN_S27",0,30,0.256701964346795,"MAS","e",0.774478137493134,1539.78100585938,9.11322975158691,0.155195236206055,58.0096740722656,0.905253291130066,-0.516620218753815,0.636764287948608,0.722864329814911,0.586460053920746,-0.0539824925363064,0.308899998664856,3.25685048103333,0.39526030421257,0.528533637523651,-0.763022243976593,"alpine glacial drift, pre-Fraser","Pleistocene"
"147",147,"MCN_S27",30,100,0.203841186135243,"MAS","e",0.774478137493134,1539.78100585938,9.11322975158691,0.155195236206055,58.0096740722656,0.905253291130066,-0.516620218753815,0.636764287948608,0.722864329814911,0.586460053920746,-0.0539824925363064,0.308899998664856,3.25685048103333,0.39526030421257,0.528533637523651,-0.763022243976593,"alpine glacial drift, pre-Fraser","Pleistocene"
"148",148,"MCN_S9",0,30,0.346984080400083,"MAS","i",0.657006978988647,1537.30078125,9.29601860046387,0.821829319000244,69.0869827270508,0.898272514343262,-0.495546162128448,0.517803907394409,0.688160359859467,0.499405533075333,-0.100537493824959,0.287844836711884,3.48387598991394,0.379057914018631,0.553210318088531,-0.75422066450119,"alpine glacial drift, pre-Fraser","Pleistocene"
"149",149,"MCN_S9",30,100,0.183391527523883,"MAS","i",0.657006978988647,1537.30078125,9.29601860046387,0.821829319000244,69.0869827270508,0.898272514343262,-0.495546162128448,0.517803907394409,0.688160359859467,0.499405533075333,-0.100537493824959,0.287844836711884,3.48387598991394,0.379057914018631,0.553210318088531,-0.75422066450119,"alpine glacial drift, pre-Fraser","Pleistocene"
"150",150,"MCS_S1",0,30,1.21739766981503,"MAS","h",0.680460929870605,1980.31188964844,7.47010135650635,0.875719428062439,70.6177597045898,0.883758544921875,-0.406281888484955,0.539680004119873,0.664641201496124,0.520790457725525,-0.165508463978767,0.304121524095535,3.29190921783447,0.560547530651093,0.533694386482239,-0.720180869102478,"basaltic andesite flows","Oligocene-Eocene"
"151",151,"MCS_S1",30,100,1.15951927774248,"MAS","h",0.680460929870605,1980.31188964844,7.47010135650635,0.875719428062439,70.6177597045898,0.883758544921875,-0.406281888484955,0.539680004119873,0.664641201496124,0.520790457725525,-0.165508463978767,0.304121524095535,3.29190921783447,0.560547530651093,0.533694386482239,-0.720180869102478,"basaltic andesite flows","Oligocene-Eocene"
"152",152,"MCS_S10",0,30,0.307882700434065,"MAS","g",0.71793669462204,2055.08374023438,7.35473918914795,0.849902391433716,67,0.888566017150879,-0.528304696083069,0.551258385181427,0.727241098880768,0.53107100725174,0.0241418331861496,0.376036584377289,2.65946674346924,0.497169137001038,0.453455865383148,-0.752574741840363,"basaltic andesite flows","Oligocene-Eocene"
"153",153,"MCS_S10",30,100,0.0912265456407297,"MAS","g",0.71793669462204,2055.08374023438,7.35473918914795,0.849902391433716,67,0.888566017150879,-0.528304696083069,0.551258385181427,0.727241098880768,0.53107100725174,0.0241418331861496,0.376036584377289,2.65946674346924,0.497169137001038,0.453455865383148,-0.752574741840363,"basaltic andesite flows","Oligocene-Eocene"
"154",154,"MCS_S23",0,30,0.621421494656681,"MAS","c",0.581071674823761,2014.65490722656,7.50440835952759,0.205683290958405,69.0125274658203,0.888650894165039,-0.465705752372742,0.545131087303162,0.677131235599518,0.522015571594238,-0.105526529252529,0.317651957273483,3.14966821670532,0.498589366674423,0.517897188663483,-0.735103785991669,"basaltic andesite flows","Oligocene-Eocene"
"155",155,"MCS_S23",30,100,0.227075491476917,"MAS","c",0.581071674823761,2014.65490722656,7.50440835952759,0.205683290958405,69.0125274658203,0.888650894165039,-0.465705752372742,0.545131087303162,0.677131235599518,0.522015571594238,-0.105526529252529,0.317651957273483,3.14966821670532,0.498589366674423,0.517897188663483,-0.735103785991669,"basaltic andesite flows","Oligocene-Eocene"
"156",156,"MCS_S3",0,30,0.726980855209899,"MAS","e",0.619249761104584,1962.04797363281,7.51048374176025,0.824085295200348,72.1352767944336,0.896810472011566,-0.433990597724915,0.461437493562698,0.676094055175781,0.456841826438904,-0.163606405258179,0.282296180725098,3.54262328147888,0.492820471525192,0.559707224369049,-0.737747073173523,"basaltic andesite flows","Oligocene-Eocene"
"157",157,"MCS_S3",30,100,0.392664885438753,"MAS","e",0.619249761104584,1962.04797363281,7.51048374176025,0.824085295200348,72.1352767944336,0.896810472011566,-0.433990597724915,0.461437493562698,0.676094055175781,0.456841826438904,-0.163606405258179,0.282296180725098,3.54262328147888,0.492820471525192,0.559707224369049,-0.737747073173523,"basaltic andesite flows","Oligocene-Eocene"
"158",158,"MCSE_S14",0,30,0.382002970492218,"MAS","i",0.790797531604767,1839.43872070312,8.05142211914062,0.388658702373505,67.2211227416992,0.874066352844238,-0.499266117811203,0.44805234670639,0.674755036830902,0.440897911787033,-0.0389968939125538,0.343387305736542,2.9194552898407,0.41730859875679,0.489031076431274,-0.724924325942993,"volcaniclastic deposits or rocks","Oligocene-Eocene"
"159",159,"MCSE_S14",30,100,0.200370760460712,"MAS","i",0.790797531604767,1839.43872070312,8.05142211914062,0.388658702373505,67.2211227416992,0.874066352844238,-0.499266117811203,0.44805234670639,0.674755036830902,0.440897911787033,-0.0389968939125538,0.343387305736542,2.9194552898407,0.41730859875679,0.489031076431274,-0.724924325942993,"volcaniclastic deposits or rocks","Oligocene-Eocene"
"160",160,"MCSE_S15",0,30,0.914169501206484,"MAS","f",0.599874258041382,1781.53869628906,8.390700340271,0.489182949066162,69.1881408691406,0.891071557998657,-0.553734600543976,0.537228167057037,0.733934223651886,0.513736963272095,0.045711699873209,0.36772158741951,2.71995663642883,0.4466273188591,0.462306469678879,-0.76364415884018,"basaltic andesite flows","Oligocene-Eocene"
"161",161,"MCSE_S15",30,100,0.230919147666567,"MAS","f",0.599874258041382,1781.53869628906,8.390700340271,0.489182949066162,69.1881408691406,0.891071557998657,-0.553734600543976,0.537228167057037,0.733934223651886,0.513736963272095,0.045711699873209,0.36772158741951,2.71995663642883,0.4466273188591,0.462306469678879,-0.76364415884018,"basaltic andesite flows","Oligocene-Eocene"
"162",162,"MCSE_S16",0,30,0.76551423772982,"MAS","f",0.511033058166504,1827.27917480469,8.3711519241333,0.19359727203846,70.6029815673828,0.893091261386871,-0.564944446086884,0.53394204378128,0.744450151920319,0.510941743850708,0.0747485011816025,0.381902635097504,2.6207766532898,0.438137382268906,0.447378218173981,-0.765052616596222,"basaltic andesite flows","Oligocene-Eocene"
"163",163,"MCSE_S16",30,100,0.368318543027758,"MAS","f",0.511033058166504,1827.27917480469,8.3711519241333,0.19359727203846,70.6029815673828,0.893091261386871,-0.564944446086884,0.53394204378128,0.744450151920319,0.510941743850708,0.0747485011816025,0.381902635097504,2.6207766532898,0.438137382268906,0.447378218173981,-0.765052616596222,"basaltic andesite flows","Oligocene-Eocene"
"164",164,"MCSE_S24",0,30,0.312531458101994,"MAS","g",0.308996796607971,1771.49389648438,8.41244029998779,0.157548800110817,72.7128143310547,0.877676427364349,-0.488973557949066,0.442755043506622,0.684985101222992,0.437050819396973,-0.0408570878207684,0.346949219703674,2.8849081993103,0.418718189001083,0.48492819070816,-0.727081120014191,"basaltic andesite flows","Oligocene-Eocene"
"165",165,"MCSE_S24",30,100,0.360447886459577,"MAS","g",0.308996796607971,1771.49389648438,8.41244029998779,0.157548800110817,72.7128143310547,0.877676427364349,-0.488973557949066,0.442755043506622,0.684985101222992,0.437050819396973,-0.0408570878207684,0.346949219703674,2.8849081993103,0.418718189001083,0.48492819070816,-0.727081120014191,"basaltic andesite flows","Oligocene-Eocene"
"166",166,"MCSE_S8",0,30,0.495813648098263,"MAS","g",0.917269110679626,1730.16088867188,8.48249340057373,0.869280517101288,63.4834632873535,0.886792063713074,-0.537338614463806,0.567921340465546,0.723987519741058,0.533371329307556,0.0254434291273355,0.369462966918945,2.70843100547791,0.41244375705719,0.460497915744781,-0.749233484268188,"alpine glacial drift, pre-Fraser","Pleistocene"
"167",167,"MCSE_S8",30,100,0.168102713174027,"MAS","g",0.917269110679626,1730.16088867188,8.48249340057373,0.869280517101288,63.4834632873535,0.886792063713074,-0.537338614463806,0.567921340465546,0.723987519741058,0.533371329307556,0.0254434291273355,0.369462966918945,2.70843100547791,0.41244375705719,0.460497915744781,-0.749233484268188,"alpine glacial drift, pre-Fraser","Pleistocene"
"168",168,"ME_S25",0,30,0.146328994663331,"MAS","g",0.434078842401505,1795.1787109375,7.89088439941406,0.147451192140579,72.7036819458008,0.819223523139954,-0.511682271957397,0.447546452283859,0.63628226518631,0.437744915485382,0.0130880903452635,0.397601097822189,2.60779166221619,0.347802966833115,0.43688315153122,-0.679176211357117,"continental sedimentary deposits or rocks","Eocene"
"169",169,"ME_S25",30,100,0.118085347045423,"MAS","g",0.434078842401505,1795.1787109375,7.89088439941406,0.147451192140579,72.7036819458008,0.819223523139954,-0.511682271957397,0.447546452283859,0.63628226518631,0.437744915485382,0.0130880903452635,0.397601097822189,2.60779166221619,0.347802966833115,0.43688315153122,-0.679176211357117,"continental sedimentary deposits or rocks","Eocene"
"170",170,"ME_S29",0,30,0.564289143120176,"MAS","f",0.269113153219223,2097.30102539062,5.7455997467041,0.00918293558061123,74.6421737670898,0.903707921504974,-0.39369010925293,0.355940073728561,0.633630275726318,0.373620897531509,-0.263597130775452,0.228888303041458,4.37995386123657,0.635798573493958,0.627645075321198,-0.758509635925293,"volcaniclastic deposits or rocks","Eocene"
"171",171,"ME_S29",30,100,0.721242805910586,"MAS","f",0.269113153219223,2097.30102539062,5.7455997467041,0.00918293558061123,74.6421737670898,0.903707921504974,-0.39369010925293,0.355940073728561,0.633630275726318,0.373620897531509,-0.263597130775452,0.228888303041458,4.37995386123657,0.635798573493958,0.627645075321198,-0.758509635925293,"volcaniclastic deposits or rocks","Eocene"
"172",172,"ME_S30",0,30,0.233225825335463,"MAS","g",0.961732983589172,1837.4033203125,7.05372476577759,0.0233658719807863,68.4766006469727,0.883270561695099,-0.441486448049545,0.495867699384689,0.646145343780518,0.479857593774796,-0.163447573781013,0.277149498462677,3.60860514640808,0.456918120384216,0.565996408462524,-0.729917347431183,"volcaniclastic deposits or rocks","Oligocene-Eocene"
"173",173,"ME_S30",30,100,0.35199251412184,"MAS","g",0.961732983589172,1837.4033203125,7.05372476577759,0.0233658719807863,68.4766006469727,0.883270561695099,-0.441486448049545,0.495867699384689,0.646145343780518,0.479857593774796,-0.163447573781013,0.277149498462677,3.60860514640808,0.456918120384216,0.565996408462524,-0.729917347431183,"volcaniclastic deposits or rocks","Oligocene-Eocene"
"174",174,"ME_S6",0,30,0.29376596897367,"MAS","i",0.933793365955353,1976.86999511719,6.65820980072021,0.691731750965118,69.9626846313477,0.90020489692688,-0.495330929756165,0.501727938652039,0.692343294620514,0.489849358797073,-0.102256752550602,0.282462030649185,3.5525438785553,0.461388498544693,0.559760212898254,-0.761260509490967,"continental sedimentary deposits or rocks","Eocene"
"175",175,"ME_S6",30,100,0.176501164679242,"MAS","i",0.933793365955353,1976.86999511719,6.65820980072021,0.691731750965118,69.9626846313477,0.90020489692688,-0.495330929756165,0.501727938652039,0.692343294620514,0.489849358797073,-0.102256752550602,0.282462030649185,3.5525438785553,0.461388498544693,0.559760212898254,-0.761260509490967,"continental sedimentary deposits or rocks","Eocene"
"176",176,"MN_S22",0,30,0.331352702409216,"MAS","f",0.757520973682404,1262.49719238281,9.9592227935791,0.0784634873270988,68.4459991455078,0.886250495910645,-0.518427550792694,0.540771305561066,0.717866361141205,0.515316784381866,0.00927142519503832,0.36866682767868,2.71561241149902,0.40296146273613,0.461399912834167,-0.73734712600708,"alpine glacial drift, pre-Fraser","Pleistocene"
"177",177,"MN_S22",30,100,0.182559289628224,"MAS","f",0.757520973682404,1262.49719238281,9.9592227935791,0.0784634873270988,68.4459991455078,0.886250495910645,-0.518427550792694,0.540771305561066,0.717866361141205,0.515316784381866,0.00927142519503832,0.36866682767868,2.71561241149902,0.40296146273613,0.461399912834167,-0.73734712600708,"alpine glacial drift, pre-Fraser","Pleistocene"
"178",178,"MW_S26",0,30,0.236494381660347,"MAS","f",0.432623624801636,1367.47631835938,9.53553295135498,0.188987717032433,60.7436447143555,0.890484988689423,-0.526915073394775,0.639210104942322,0.729395747184753,0.58583277463913,0.0313756614923477,0.383430242538452,2.62225389480591,0.406934022903442,0.44632214307785,-0.743730425834656,"alpine glacial drift, pre-Fraser","Pleistocene"
"179",179,"MW_S26",30,100,0.177823412982596,"MAS","f",0.432623624801636,1367.47631835938,9.53553295135498,0.188987717032433,60.7436447143555,0.890484988689423,-0.526915073394775,0.639210104942322,0.729395747184753,0.58583277463913,0.0313756614923477,0.383430242538452,2.62225389480591,0.406934022903442,0.44632214307785,-0.743730425834656,"alpine glacial drift, pre-Fraser","Pleistocene"
"180",180,"N-Mid-Hoh-MC",0,30,0.656340187963214,"HOH","g",0.604079723358154,3129.92211914062,10.1871337890625,0.47644579410553,69.4460906982422,0.90173876285553,-0.563074350357056,0.504979372024536,0.73038238286972,0.48825341463089,0.0220701918005943,0.341557055711746,2.92842388153076,0.371401607990265,0.490826606750488,-0.76758748292923,"alluvium","Quaternary"
"181",181,"N-Mid-Hoh-MC",30,100,0.0962539132165458,"HOH","g",0.604079723358154,3129.92211914062,10.1871337890625,0.47644579410553,69.4460906982422,0.90173876285553,-0.563074350357056,0.504979372024536,0.73038238286972,0.48825341463089,0.0220701918005943,0.341557055711746,2.92842388153076,0.371401607990265,0.490826606750488,-0.76758748292923,"alluvium","Quaternary"
"182",182,"N-Up-Hoh-MC",0,30,0.375346666937987,"HOH","g",0.807033836841583,3261.73803710938,9.85767078399658,0.0799999982118607,63.4116249084473,0.906808257102966,-0.556281208992004,0.722780466079712,0.74778401851654,0.645242810249329,0.016715370118618,0.33730548620224,2.96490454673767,0.415264189243317,0.495552152395248,-0.769862174987793,"alpine glacial drift, Fraser-age","Pleistocene"
"183",183,"N-Up-Hoh-MC",30,100,0.148659178298111,"HOH","g",0.807033836841583,3261.73803710938,9.85767078399658,0.0799999982118607,63.4116249084473,0.906808257102966,-0.556281208992004,0.722780466079712,0.74778401851654,0.645242810249329,0.016715370118618,0.33730548620224,2.96490454673767,0.415264189243317,0.495552152395248,-0.769862174987793,"alpine glacial drift, Fraser-age","Pleistocene"
"184",184,"PFW_S19",0,30,0.242230343524503,"MAS","f",0.662833094596863,962.325439453125,10.4617052078247,0.421829372644424,54.4125328063965,0.847781181335449,-0.545670688152313,0.591323435306549,0.691451966762543,0.546079397201538,0.0865156203508377,0.434290826320648,2.30567312240601,0.349149167537689,0.394583255052567,-0.713424324989319,"continental glacial drift, Fraser-age","Pleistocene"
"185",185,"PFW_S19",30,100,0.126986106997683,"MAS","f",0.662833094596863,962.325439453125,10.4617052078247,0.421829372644424,54.4125328063965,0.847781181335449,-0.545670688152313,0.591323435306549,0.691451966762543,0.546079397201538,0.0865156203508377,0.434290826320648,2.30567312240601,0.349149167537689,0.394583255052567,-0.713424324989319,"continental glacial drift, Fraser-age","Pleistocene"
"186",186,"PFW_S28",0,30,0.0866976440749236,"MAS","e",0.261660486459732,1147.2431640625,9.65457725524902,0.068987712264061,53.1585388183594,0.862341105937958,-0.511578500270844,0.519559800624847,0.681914269924164,0.49496141076088,0.0161388553678989,0.389547526836395,2.56952857971191,0.374384373426437,0.43942454457283,-0.71516227722168,"tuffs and tuff breccias","Oligocene-Eocene"
"187",187,"PFW_S28",30,100,0.0687976207570015,"MAS","e",0.261660486459732,1147.2431640625,9.65457725524902,0.068987712264061,53.1585388183594,0.862341105937958,-0.511578500270844,0.519559800624847,0.681914269924164,0.49496141076088,0.0161388553678989,0.389547526836395,2.56952857971191,0.374384373426437,0.43942454457283,-0.71516227722168,"tuffs and tuff breccias","Oligocene-Eocene"
"188",188,"S-Hoh-ML-FR-1200",0,30,0.350605156137792,"HOH","i",0.679833114147186,3126.71142578125,10.0451164245605,0.214180752635002,64.0951690673828,0.888456225395203,-0.447116553783417,0.561833262443542,0.67259955406189,0.545797646045685,-0.111924856901169,0.310373604297638,3.22210121154785,0.579212367534637,0.526287019252777,-0.745475769042969,"alpine glacial drift, Fraser-age","Pleistocene"
"189",189,"S-Hoh-ML-FR-1200",30,100,0.543143754057018,"HOH","i",0.679833114147186,3126.71142578125,10.0451164245605,0.214180752635002,64.0951690673828,0.888456225395203,-0.447116553783417,0.561833262443542,0.67259955406189,0.545797646045685,-0.111924856901169,0.310373604297638,3.22210121154785,0.579212367534637,0.526287019252777,-0.745475769042969,"alpine glacial drift, Fraser-age","Pleistocene"
"190",190,"W Hoh Oxbow",0,30,0.270949931235225,"HOH","i",0.742834091186523,2989.86596679688,10.1428165435791,0.194686725735664,58.6440048217773,0.909290254116058,-0.488535791635513,0.661843597888947,0.722254872322083,0.616003096103668,-0.0970081314444542,0.298159033060074,3.35465288162231,0.508729457855225,0.540661215782166,-0.770760893821716,"glacial outwash, alpine, Fraser-age","Pleistocene"
"191",191,"W Hoh Oxbow",30,100,0.0164043794615303,"HOH","i",0.742834091186523,2989.86596679688,10.1428165435791,0.194686725735664,58.6440048217773,0.909290254116058,-0.488535791635513,0.661843597888947,0.722254872322083,0.616003096103668,-0.0970081314444542,0.298159033060074,3.35465288162231,0.508729457855225,0.540661215782166,-0.770760893821716,"glacial outwash, alpine, Fraser-age","Pleistocene"
